2026-03-09 08:25:14 - root - INFO - ✅ 工作目录已设置为：/home/u2023312299/sci
2026-03-09 08:25:14 - root - INFO - 🔄 项目启动，开始执行数据集训练流程
2026-03-09 08:25:14 - root - INFO - 
📋 开始批量训练数据集：['elliptic'] (全局种子=2026)
2026-03-09 08:25:14 - root - INFO - 
======================================================================
🚀 开始训练数据集：elliptic (种子=2026)
======================================================================
2026-03-09 08:25:14 - root - INFO - ✅ 随机种子已设置为：2026
2026-03-09 08:25:14 - root - INFO - ✅ 加载数据集 elliptic 配置完成，核心参数：p_bias=10, len_penalty_coeff=0.99
2026-03-09 08:25:32 - nn.expander - INFO - Train | Batch Size: 40 | Avg Precision: 0.5503 | Avg Recall: 0.3086
2026-03-09 08:25:32 - nn.expander - INFO - Train | Batch Loss: -4926.5762
2026-03-09 08:25:32 - nn.expander - INFO - Train | Grad Norm: 3139.4050

2026-03-09 08:25:32 - nn.expander - INFO - Train | Batch Size: 40 | Avg Precision: 0.5659 | Avg Recall: 0.3709
2026-03-09 08:25:32 - nn.expander - INFO - Train | Batch Loss: -4265.9180
2026-03-09 08:25:33 - nn.expander - INFO - Train | Grad Norm: 1696.0453

2026-03-09 08:25:33 - nn.expander - INFO - Train | Batch Size: 40 | Avg Precision: 0.4999 | Avg Recall: 0.3533
2026-03-09 08:25:33 - nn.expander - INFO - Train | Batch Loss: -6374.7920
2026-03-09 08:25:33 - nn.expander - INFO - Train | Grad Norm: 4436.8413

2026-03-09 08:25:34 - nn.expander - INFO - Train | Batch Size: 40 | Avg Precision: 0.5545 | Avg Recall: 0.4698
2026-03-09 08:25:34 - nn.expander - INFO - Train | Batch Loss: -3513.3271
2026-03-09 08:25:34 - nn.expander - INFO - Train | Grad Norm: 1344.1379

2026-03-09 08:25:34 - nn.expander - INFO - Train | Batch Size: 40 | Avg Precision: 0.5308 | Avg Recall: 0.4426
2026-03-09 08:25:34 - nn.expander - INFO - Train | Batch Loss: -4646.7666
2026-03-09 08:25:35 - nn.expander - INFO - Train | Grad Norm: 1246.2415

2026-03-09 08:25:35 - nn.expander - INFO - Train | Batch Size: 40 | Avg Precision: 0.5414 | Avg Recall: 0.2913
2026-03-09 08:25:35 - nn.expander - INFO - Train | Batch Loss: -5797.6680
2026-03-09 08:25:35 - nn.expander - INFO - Train | Grad Norm: 2002.6012

2026-03-09 08:25:35 - nn.expander - INFO - Train | Batch Size: 40 | Avg Precision: 0.6212 | Avg Recall: 0.3801
2026-03-09 08:25:35 - nn.expander - INFO - Train | Batch Loss: -2593.1877
2026-03-09 08:25:36 - nn.expander - INFO - Train | Grad Norm: 752.2141

2026-03-09 08:25:36 - nn.expander - INFO - Train | Batch Size: 40 | Avg Precision: 0.5840 | Avg Recall: 0.3185
2026-03-09 08:25:36 - nn.expander - INFO - Train | Batch Loss: -3960.8450
2026-03-09 08:25:36 - nn.expander - INFO - Train | Grad Norm: 2284.7339

2026-03-09 08:25:37 - nn.expander - INFO - Train | Batch Size: 40 | Avg Precision: 0.6196 | Avg Recall: 0.3317
2026-03-09 08:25:37 - nn.expander - INFO - Train | Batch Loss: -4739.4385
2026-03-09 08:25:37 - nn.expander - INFO - Train | Grad Norm: 1574.1636

2026-03-09 08:25:37 - nn.expander - INFO - Train | Batch Size: 40 | Avg Precision: 0.7032 | Avg Recall: 0.2430
2026-03-09 08:25:37 - nn.expander - INFO - Train | Batch Loss: -4041.6611
2026-03-09 08:25:37 - nn.expander - INFO - Train | Grad Norm: 1693.1171

2026-03-09 08:25:38 - nn.expander - INFO - Train | Batch Size: 40 | Avg Precision: 0.5264 | Avg Recall: 0.3865
2026-03-09 08:25:38 - nn.expander - INFO - Train | Batch Loss: -5697.6084
2026-03-09 08:25:38 - nn.expander - INFO - Train | Grad Norm: 1328.8466

2026-03-09 08:25:38 - nn.expander - INFO - Train | Batch Size: 40 | Avg Precision: 0.7292 | Avg Recall: 0.2821
2026-03-09 08:25:38 - nn.expander - INFO - Train | Batch Loss: -2346.8909
2026-03-09 08:25:38 - nn.expander - INFO - Train | Grad Norm: 900.1060

2026-03-09 08:25:38 - nn.expander - INFO - Train | Batch Size: 40 | Avg Precision: 0.7514 | Avg Recall: 0.3338
2026-03-09 08:25:38 - nn.expander - INFO - Train | Batch Loss: -1738.7954
2026-03-09 08:25:39 - nn.expander - INFO - Train | Grad Norm: 975.0659

2026-03-09 08:25:39 - nn.expander - INFO - Train | Batch Size: 40 | Avg Precision: 0.7171 | Avg Recall: 0.3388
2026-03-09 08:25:39 - nn.expander - INFO - Train | Batch Loss: -1780.3003
2026-03-09 08:25:39 - nn.expander - INFO - Train | Grad Norm: 975.2873

2026-03-09 08:25:39 - nn.expander - INFO - Train | Batch Size: 40 | Avg Precision: 0.7356 | Avg Recall: 0.2541
2026-03-09 08:25:39 - nn.expander - INFO - Train | Batch Loss: -3375.1382
2026-03-09 08:25:39 - nn.expander - INFO - Train | Grad Norm: 3243.2207

2026-03-09 08:25:40 - nn.expander - INFO - Train | Batch Size: 40 | Avg Precision: 0.7783 | Avg Recall: 0.2224
2026-03-09 08:25:40 - nn.expander - INFO - Train | Batch Loss: -3332.1812
2026-03-09 08:25:40 - nn.expander - INFO - Train | Grad Norm: 1422.3156

2026-03-09 08:25:40 - nn.expander - INFO - Train | Batch Size: 40 | Avg Precision: 0.7555 | Avg Recall: 0.3210
2026-03-09 08:25:40 - nn.expander - INFO - Train | Batch Loss: -2385.6716
2026-03-09 08:25:40 - nn.expander - INFO - Train | Grad Norm: 1139.2002

2026-03-09 08:25:40 - nn.expander - INFO - Train | Batch Size: 40 | Avg Precision: 0.8127 | Avg Recall: 0.2527
2026-03-09 08:25:40 - nn.expander - INFO - Train | Batch Loss: -1572.5100
2026-03-09 08:25:40 - nn.expander - INFO - Train | Grad Norm: 821.6926

2026-03-09 08:25:41 - nn.expander - INFO - Train | Batch Size: 40 | Avg Precision: 0.8200 | Avg Recall: 0.1927
2026-03-09 08:25:41 - nn.expander - INFO - Train | Batch Loss: -833.6958
2026-03-09 08:25:41 - nn.expander - INFO - Train | Grad Norm: 546.2883

2026-03-09 08:25:41 - nn.expander - INFO - Train | Batch Size: 40 | Avg Precision: 0.8800 | Avg Recall: 0.2581
2026-03-09 08:25:41 - nn.expander - INFO - Train | Batch Loss: -474.5170
2026-03-09 08:25:41 - nn.expander - INFO - Train | Grad Norm: 74.1907

2026-03-09 08:25:41 - nn.expander - INFO - Train | Batch Size: 40 | Avg Precision: 0.8303 | Avg Recall: 0.2142
2026-03-09 08:25:41 - nn.expander - INFO - Train | Batch Loss: -311.1752
2026-03-09 08:25:41 - nn.expander - INFO - Train | Grad Norm: 187.3916

2026-03-09 08:25:41 - nn.expander - INFO - Train | Batch Size: 40 | Avg Precision: 0.9117 | Avg Recall: 0.2632
2026-03-09 08:25:41 - nn.expander - INFO - Train | Batch Loss: -243.7382
2026-03-09 08:25:41 - nn.expander - INFO - Train | Grad Norm: 156.3057

2026-03-09 08:25:41 - nn.expander - INFO - Train | Batch Size: 40 | Avg Precision: 0.9358 | Avg Recall: 0.2012
2026-03-09 08:25:41 - nn.expander - INFO - Train | Batch Loss: -3.0465
2026-03-09 08:25:41 - nn.expander - INFO - Train | Grad Norm: 22.9734

2026-03-09 08:25:41 - nn.expander - INFO - Train | Batch Size: 40 | Avg Precision: 0.9041 | Avg Recall: 0.1984
2026-03-09 08:25:41 - nn.expander - INFO - Train | Batch Loss: -118.9788
2026-03-09 08:25:41 - nn.expander - INFO - Train | Grad Norm: 441.9309

2026-03-09 08:25:41 - nn.expander - INFO - Train | Batch Size: 40 | Avg Precision: 0.9708 | Avg Recall: 0.1964
2026-03-09 08:25:41 - nn.expander - INFO - Train | Batch Loss: -11.3999
2026-03-09 08:25:42 - nn.expander - INFO - Train | Grad Norm: 10.5550

2026-03-09 08:25:42 - nn.expander - INFO - Train | Batch Size: 40 | Avg Precision: 0.9733 | Avg Recall: 0.1497
2026-03-09 08:25:42 - nn.expander - INFO - Train | Batch Loss: -7.4311
2026-03-09 08:25:42 - nn.expander - INFO - Train | Grad Norm: 10.8064

2026-03-09 08:25:42 - nn.expander - INFO - Train | Batch Size: 40 | Avg Precision: 0.9604 | Avg Recall: 0.1920
2026-03-09 08:25:42 - nn.expander - INFO - Train | Batch Loss: -28.7941
2026-03-09 08:25:42 - nn.expander - INFO - Train | Grad Norm: 30.2166

2026-03-09 08:25:42 - nn.expander - INFO - Train | Batch Size: 40 | Avg Precision: 0.9112 | Avg Recall: 0.2283
2026-03-09 08:25:42 - nn.expander - INFO - Train | Batch Loss: -212.6074
2026-03-09 08:25:42 - nn.expander - INFO - Train | Grad Norm: 102.4795

2026-03-09 08:25:42 - nn.expander - INFO - Train | Batch Size: 40 | Avg Precision: 0.9626 | Avg Recall: 0.2144
2026-03-09 08:25:42 - nn.expander - INFO - Train | Batch Loss: -105.6184
2026-03-09 08:25:42 - nn.expander - INFO - Train | Grad Norm: 92.7898

2026-03-09 08:25:42 - nn.expander - INFO - Train | Batch Size: 40 | Avg Precision: 0.9875 | Avg Recall: 0.1889
2026-03-09 08:25:42 - nn.expander - INFO - Train | Batch Loss: 0.5762
2026-03-09 08:25:42 - nn.expander - INFO - Train | Grad Norm: 2.8349

2026-03-09 08:25:45 - root - INFO - ✅ 数据集 elliptic 训练完成！最终测试集F1：0.5691
2026-03-09 08:25:45 - root - INFO - 
======================================================================
📊 所有数据集训练结果汇总
======================================================================
2026-03-09 08:25:45 - root - INFO - 数据集        | P      | R      | F1    
2026-03-09 08:25:45 - root - INFO - ----------------------------------------------------------------------
2026-03-09 08:25:45 - root - INFO - elliptic   | 0.9137 | 0.4926 | 0.5691
2026-03-09 08:25:45 - root - INFO - ✅ 所有数据集训练流程执行完毕！
2026-03-09 08:33:39 - root - INFO - ✅ 工作目录已设置为：/home/u2023312299/sci
2026-03-09 08:33:39 - root - INFO - 🔄 项目启动，开始执行数据集训练流程
2026-03-09 08:33:39 - root - INFO - 
📋 开始批量训练数据集：['elliptic'] (全局种子=2026)
2026-03-09 08:33:39 - root - INFO - 
======================================================================
🚀 开始训练数据集：elliptic (种子=2026)
======================================================================
2026-03-09 08:33:39 - root - INFO - ✅ 随机种子已设置为：2026
2026-03-09 08:33:39 - root - INFO - ✅ 加载数据集 elliptic 配置完成，核心参数：p_bias=10, len_penalty_coeff=0.99
2026-03-09 08:33:57 - nn.expander - INFO - Train | Batch Size: 40 | Avg Precision: 0.5503 | Avg Recall: 0.3086
2026-03-09 08:33:57 - nn.expander - INFO - Train | Batch Loss: -33.2223
2026-03-09 08:33:57 - nn.expander - INFO - Train | Grad Norm: 48.0676

2026-03-09 08:33:57 - nn.expander - INFO - Train | Batch Size: 40 | Avg Precision: 0.5197 | Avg Recall: 0.3890
2026-03-09 08:33:57 - nn.expander - INFO - Train | Batch Loss: -59.5166
2026-03-09 08:33:58 - nn.expander - INFO - Train | Grad Norm: 27.3495

2026-03-09 08:33:58 - nn.expander - INFO - Train | Batch Size: 40 | Avg Precision: 0.4808 | Avg Recall: 0.3729
2026-03-09 08:33:58 - nn.expander - INFO - Train | Batch Loss: -65.9228
2026-03-09 08:33:59 - nn.expander - INFO - Train | Grad Norm: 44.6153

2026-03-09 08:33:59 - nn.expander - INFO - Train | Batch Size: 40 | Avg Precision: 0.5384 | Avg Recall: 0.4636
2026-03-09 08:33:59 - nn.expander - INFO - Train | Batch Loss: -8.7750
2026-03-09 08:33:59 - nn.expander - INFO - Train | Grad Norm: 14.5680

2026-03-09 08:34:00 - nn.expander - INFO - Train | Batch Size: 40 | Avg Precision: 0.5252 | Avg Recall: 0.4494
2026-03-09 08:34:00 - nn.expander - INFO - Train | Batch Loss: -28.0021
2026-03-09 08:34:00 - nn.expander - INFO - Train | Grad Norm: 18.5592

2026-03-09 08:34:00 - nn.expander - INFO - Train | Batch Size: 40 | Avg Precision: 0.5200 | Avg Recall: 0.3769
2026-03-09 08:34:00 - nn.expander - INFO - Train | Batch Loss: -36.2414
2026-03-09 08:34:00 - nn.expander - INFO - Train | Grad Norm: 20.6738

2026-03-09 08:34:01 - nn.expander - INFO - Train | Batch Size: 40 | Avg Precision: 0.5213 | Avg Recall: 0.4017
2026-03-09 08:34:01 - nn.expander - INFO - Train | Batch Loss: -33.3870
2026-03-09 08:34:01 - nn.expander - INFO - Train | Grad Norm: 9.2078

2026-03-09 08:34:01 - nn.expander - INFO - Train | Batch Size: 40 | Avg Precision: 0.5157 | Avg Recall: 0.3817
2026-03-09 08:34:01 - nn.expander - INFO - Train | Batch Loss: -28.3201
2026-03-09 08:34:02 - nn.expander - INFO - Train | Grad Norm: 30.2971

2026-03-09 08:34:02 - nn.expander - INFO - Train | Batch Size: 40 | Avg Precision: 0.5547 | Avg Recall: 0.3345
2026-03-09 08:34:02 - nn.expander - INFO - Train | Batch Loss: -10.0303
2026-03-09 08:34:02 - nn.expander - INFO - Train | Grad Norm: 8.9466

2026-03-09 08:34:03 - nn.expander - INFO - Train | Batch Size: 40 | Avg Precision: 0.5575 | Avg Recall: 0.2953
2026-03-09 08:34:03 - nn.expander - INFO - Train | Batch Loss: -34.9190
2026-03-09 08:34:03 - nn.expander - INFO - Train | Grad Norm: 13.8420

2026-03-09 08:34:03 - nn.expander - INFO - Train | Batch Size: 40 | Avg Precision: 0.3853 | Avg Recall: 0.4524
2026-03-09 08:34:03 - nn.expander - INFO - Train | Batch Loss: -62.0224
2026-03-09 08:34:04 - nn.expander - INFO - Train | Grad Norm: 20.9979

2026-03-09 08:34:04 - nn.expander - INFO - Train | Batch Size: 40 | Avg Precision: 0.6163 | Avg Recall: 0.2991
2026-03-09 08:34:04 - nn.expander - INFO - Train | Batch Loss: -38.3388
2026-03-09 08:34:04 - nn.expander - INFO - Train | Grad Norm: 16.2163

2026-03-09 08:34:04 - nn.expander - INFO - Train | Batch Size: 40 | Avg Precision: 0.6282 | Avg Recall: 0.3945
2026-03-09 08:34:04 - nn.expander - INFO - Train | Batch Loss: -27.1198
2026-03-09 08:34:05 - nn.expander - INFO - Train | Grad Norm: 20.5546

2026-03-09 08:34:05 - nn.expander - INFO - Train | Batch Size: 40 | Avg Precision: 0.6060 | Avg Recall: 0.3849
2026-03-09 08:34:05 - nn.expander - INFO - Train | Batch Loss: -15.8647
2026-03-09 08:34:05 - nn.expander - INFO - Train | Grad Norm: 11.9660

2026-03-09 08:34:05 - nn.expander - INFO - Train | Batch Size: 40 | Avg Precision: 0.6015 | Avg Recall: 0.2838
2026-03-09 08:34:05 - nn.expander - INFO - Train | Batch Loss: -30.3260
2026-03-09 08:34:06 - nn.expander - INFO - Train | Grad Norm: 13.0276

2026-03-09 08:34:06 - nn.expander - INFO - Train | Batch Size: 40 | Avg Precision: 0.6118 | Avg Recall: 0.3063
2026-03-09 08:34:06 - nn.expander - INFO - Train | Batch Loss: -36.0664
2026-03-09 08:34:06 - nn.expander - INFO - Train | Grad Norm: 26.6402

2026-03-09 08:34:06 - nn.expander - INFO - Train | Batch Size: 40 | Avg Precision: 0.5747 | Avg Recall: 0.4300
2026-03-09 08:34:06 - nn.expander - INFO - Train | Batch Loss: -26.3575
2026-03-09 08:34:07 - nn.expander - INFO - Train | Grad Norm: 15.7156

2026-03-09 08:34:07 - nn.expander - INFO - Train | Batch Size: 40 | Avg Precision: 0.6718 | Avg Recall: 0.3607
2026-03-09 08:34:07 - nn.expander - INFO - Train | Batch Loss: -15.6947
2026-03-09 08:34:07 - nn.expander - INFO - Train | Grad Norm: 11.9294

2026-03-09 08:34:08 - nn.expander - INFO - Train | Batch Size: 40 | Avg Precision: 0.6429 | Avg Recall: 0.2969
2026-03-09 08:34:08 - nn.expander - INFO - Train | Batch Loss: -2.2019
2026-03-09 08:34:08 - nn.expander - INFO - Train | Grad Norm: 12.4194

2026-03-09 08:34:08 - nn.expander - INFO - Train | Batch Size: 40 | Avg Precision: 0.5991 | Avg Recall: 0.3677
2026-03-09 08:34:08 - nn.expander - INFO - Train | Batch Loss: -33.6555
2026-03-09 08:34:08 - nn.expander - INFO - Train | Grad Norm: 11.3144

2026-03-09 08:34:09 - nn.expander - INFO - Train | Batch Size: 40 | Avg Precision: 0.5966 | Avg Recall: 0.3184
2026-03-09 08:34:09 - nn.expander - INFO - Train | Batch Loss: -11.7473
2026-03-09 08:34:09 - nn.expander - INFO - Train | Grad Norm: 10.9020

2026-03-09 08:34:09 - nn.expander - INFO - Train | Batch Size: 40 | Avg Precision: 0.6302 | Avg Recall: 0.4193
2026-03-09 08:34:09 - nn.expander - INFO - Train | Batch Loss: -27.4262
2026-03-09 08:34:09 - nn.expander - INFO - Train | Grad Norm: 14.1527

2026-03-09 08:34:10 - nn.expander - INFO - Train | Batch Size: 40 | Avg Precision: 0.6211 | Avg Recall: 0.4405
2026-03-09 08:34:10 - nn.expander - INFO - Train | Batch Loss: -15.1375
2026-03-09 08:34:10 - nn.expander - INFO - Train | Grad Norm: 26.3287

2026-03-09 08:34:10 - nn.expander - INFO - Train | Batch Size: 40 | Avg Precision: 0.6362 | Avg Recall: 0.3846
2026-03-09 08:34:10 - nn.expander - INFO - Train | Batch Loss: -27.7288
2026-03-09 08:34:11 - nn.expander - INFO - Train | Grad Norm: 23.8632

2026-03-09 08:34:11 - nn.expander - INFO - Train | Batch Size: 40 | Avg Precision: 0.7070 | Avg Recall: 0.3187
2026-03-09 08:34:11 - nn.expander - INFO - Train | Batch Loss: -10.4867
2026-03-09 08:34:11 - nn.expander - INFO - Train | Grad Norm: 3.2758

2026-03-09 08:34:11 - nn.expander - INFO - Train | Batch Size: 40 | Avg Precision: 0.7167 | Avg Recall: 0.3958
2026-03-09 08:34:11 - nn.expander - INFO - Train | Batch Loss: -13.1875
2026-03-09 08:34:11 - nn.expander - INFO - Train | Grad Norm: 15.2365

2026-03-09 08:34:12 - nn.expander - INFO - Train | Batch Size: 40 | Avg Precision: 0.6590 | Avg Recall: 0.3496
2026-03-09 08:34:12 - nn.expander - INFO - Train | Batch Loss: -11.0130
2026-03-09 08:34:12 - nn.expander - INFO - Train | Grad Norm: 7.6756

2026-03-09 08:34:12 - nn.expander - INFO - Train | Batch Size: 40 | Avg Precision: 0.6372 | Avg Recall: 0.4505
2026-03-09 08:34:12 - nn.expander - INFO - Train | Batch Loss: -9.7633
2026-03-09 08:34:12 - nn.expander - INFO - Train | Grad Norm: 11.4305

2026-03-09 08:34:12 - nn.expander - INFO - Train | Batch Size: 40 | Avg Precision: 0.6596 | Avg Recall: 0.3921
2026-03-09 08:34:12 - nn.expander - INFO - Train | Batch Loss: -20.7176
2026-03-09 08:34:13 - nn.expander - INFO - Train | Grad Norm: 11.2604

2026-03-09 08:34:13 - nn.expander - INFO - Train | Batch Size: 40 | Avg Precision: 0.7188 | Avg Recall: 0.3513
2026-03-09 08:34:13 - nn.expander - INFO - Train | Batch Loss: -10.4872
2026-03-09 08:34:13 - nn.expander - INFO - Train | Grad Norm: 5.0566

2026-03-09 08:34:17 - root - INFO - ✅ 数据集 elliptic 训练完成！最终测试集F1：0.4714
2026-03-09 08:34:17 - root - INFO - 
======================================================================
📊 所有数据集训练结果汇总
======================================================================
2026-03-09 08:34:17 - root - INFO - 数据集        | P      | R      | F1    
2026-03-09 08:34:17 - root - INFO - ----------------------------------------------------------------------
2026-03-09 08:34:17 - root - INFO - elliptic   | 0.6615 | 0.5595 | 0.4714
2026-03-09 08:34:17 - root - INFO - ✅ 所有数据集训练流程执行完毕！
2026-03-09 08:34:55 - root - INFO - ✅ 工作目录已设置为：/home/u2023312299/sci
2026-03-09 08:34:55 - root - INFO - 🔄 项目启动，开始执行数据集训练流程
2026-03-09 08:34:55 - root - INFO - 
📋 开始批量训练数据集：['elliptic'] (全局种子=2026)
2026-03-09 08:34:55 - root - INFO - 
======================================================================
🚀 开始训练数据集：elliptic (种子=2026)
======================================================================
2026-03-09 08:34:55 - root - INFO - ✅ 随机种子已设置为：2026
2026-03-09 08:34:55 - root - INFO - ✅ 加载数据集 elliptic 配置完成，核心参数：p_bias=10, len_penalty_coeff=0.99
2026-03-09 08:35:13 - nn.expander - INFO - Train | Batch Size: 40 | Avg Precision: 0.5503 | Avg Recall: 0.3086
2026-03-09 08:35:13 - nn.expander - INFO - Train | Batch Loss: 35.4873
2026-03-09 08:35:13 - nn.expander - INFO - Train | Grad Norm: 20.8384

2026-03-09 08:35:14 - nn.expander - INFO - Train | Batch Size: 40 | Avg Precision: 0.4992 | Avg Recall: 0.3936
2026-03-09 08:35:14 - nn.expander - INFO - Train | Batch Loss: 42.1064
2026-03-09 08:35:14 - nn.expander - INFO - Train | Grad Norm: 16.2437

2026-03-09 08:35:15 - nn.expander - INFO - Train | Batch Size: 40 | Avg Precision: 0.3833 | Avg Recall: 0.3876
2026-03-09 08:35:15 - nn.expander - INFO - Train | Batch Loss: 68.3244
2026-03-09 08:35:15 - nn.expander - INFO - Train | Grad Norm: 32.5932

2026-03-09 08:35:16 - nn.expander - INFO - Train | Batch Size: 40 | Avg Precision: 0.3678 | Avg Recall: 0.5051
2026-03-09 08:35:16 - nn.expander - INFO - Train | Batch Loss: 85.5300
2026-03-09 08:35:16 - nn.expander - INFO - Train | Grad Norm: 36.0420

2026-03-09 08:35:17 - nn.expander - INFO - Train | Batch Size: 40 | Avg Precision: 0.3430 | Avg Recall: 0.4770
2026-03-09 08:35:17 - nn.expander - INFO - Train | Batch Loss: 77.9323
2026-03-09 08:35:17 - nn.expander - INFO - Train | Grad Norm: 28.5491

2026-03-09 08:35:18 - nn.expander - INFO - Train | Batch Size: 40 | Avg Precision: 0.3563 | Avg Recall: 0.4250
2026-03-09 08:35:18 - nn.expander - INFO - Train | Batch Loss: 61.6685
2026-03-09 08:35:18 - nn.expander - INFO - Train | Grad Norm: 37.4842

2026-03-09 08:35:19 - nn.expander - INFO - Train | Batch Size: 40 | Avg Precision: 0.3935 | Avg Recall: 0.4324
2026-03-09 08:35:19 - nn.expander - INFO - Train | Batch Loss: 51.0884
2026-03-09 08:35:19 - nn.expander - INFO - Train | Grad Norm: 30.0237

2026-03-09 08:35:20 - nn.expander - INFO - Train | Batch Size: 40 | Avg Precision: 0.2981 | Avg Recall: 0.4215
2026-03-09 08:35:20 - nn.expander - INFO - Train | Batch Loss: 82.4724
2026-03-09 08:35:20 - nn.expander - INFO - Train | Grad Norm: 33.7966

2026-03-09 08:35:21 - nn.expander - INFO - Train | Batch Size: 40 | Avg Precision: 0.3312 | Avg Recall: 0.3787
2026-03-09 08:35:21 - nn.expander - INFO - Train | Batch Loss: 53.2599
2026-03-09 08:35:21 - nn.expander - INFO - Train | Grad Norm: 45.0838

2026-03-09 08:35:22 - nn.expander - INFO - Train | Batch Size: 40 | Avg Precision: 0.2867 | Avg Recall: 0.3458
2026-03-09 08:35:22 - nn.expander - INFO - Train | Batch Loss: 67.6017
2026-03-09 08:35:23 - nn.expander - INFO - Train | Grad Norm: 35.5215

2026-03-09 08:35:24 - nn.expander - INFO - Train | Batch Size: 40 | Avg Precision: 0.2457 | Avg Recall: 0.5267
2026-03-09 08:35:24 - nn.expander - INFO - Train | Batch Loss: 67.3500
2026-03-09 08:35:24 - nn.expander - INFO - Train | Grad Norm: 46.1495

2026-03-09 08:35:25 - nn.expander - INFO - Train | Batch Size: 40 | Avg Precision: 0.2987 | Avg Recall: 0.4125
2026-03-09 08:35:25 - nn.expander - INFO - Train | Batch Loss: 72.2259
2026-03-09 08:35:25 - nn.expander - INFO - Train | Grad Norm: 31.6539

2026-03-09 08:35:26 - nn.expander - INFO - Train | Batch Size: 40 | Avg Precision: 0.3332 | Avg Recall: 0.5297
2026-03-09 08:35:26 - nn.expander - INFO - Train | Batch Loss: 56.9340
2026-03-09 08:35:27 - nn.expander - INFO - Train | Grad Norm: 34.5132

2026-03-09 08:35:27 - nn.expander - INFO - Train | Batch Size: 40 | Avg Precision: 0.2487 | Avg Recall: 0.4598
2026-03-09 08:35:27 - nn.expander - INFO - Train | Batch Loss: 49.2176
2026-03-09 08:35:28 - nn.expander - INFO - Train | Grad Norm: 40.6998

2026-03-09 08:35:29 - nn.expander - INFO - Train | Batch Size: 40 | Avg Precision: 0.2467 | Avg Recall: 0.3708
2026-03-09 08:35:29 - nn.expander - INFO - Train | Batch Loss: 50.9243
2026-03-09 08:35:29 - nn.expander - INFO - Train | Grad Norm: 31.8276

2026-03-09 08:35:30 - nn.expander - INFO - Train | Batch Size: 40 | Avg Precision: 0.3187 | Avg Recall: 0.3796
2026-03-09 08:35:30 - nn.expander - INFO - Train | Batch Loss: 45.0366
2026-03-09 08:35:30 - nn.expander - INFO - Train | Grad Norm: 32.6465

2026-03-09 08:35:31 - nn.expander - INFO - Train | Batch Size: 40 | Avg Precision: 0.1942 | Avg Recall: 0.4848
2026-03-09 08:35:31 - nn.expander - INFO - Train | Batch Loss: 53.2510
2026-03-09 08:35:32 - nn.expander - INFO - Train | Grad Norm: 23.6635

2026-03-09 08:35:33 - nn.expander - INFO - Train | Batch Size: 40 | Avg Precision: 0.2311 | Avg Recall: 0.4045
2026-03-09 08:35:33 - nn.expander - INFO - Train | Batch Loss: 51.3619
2026-03-09 08:35:33 - nn.expander - INFO - Train | Grad Norm: 37.2356

2026-03-09 08:35:34 - nn.expander - INFO - Train | Batch Size: 40 | Avg Precision: 0.2973 | Avg Recall: 0.3585
2026-03-09 08:35:34 - nn.expander - INFO - Train | Batch Loss: 56.3075
2026-03-09 08:35:35 - nn.expander - INFO - Train | Grad Norm: 72.4354

2026-03-09 08:35:35 - nn.expander - INFO - Train | Batch Size: 40 | Avg Precision: 0.2757 | Avg Recall: 0.4610
2026-03-09 08:35:35 - nn.expander - INFO - Train | Batch Loss: 57.4759
2026-03-09 08:35:36 - nn.expander - INFO - Train | Grad Norm: 29.2754

2026-03-09 08:35:36 - nn.expander - INFO - Train | Batch Size: 40 | Avg Precision: 0.3132 | Avg Recall: 0.3818
2026-03-09 08:35:36 - nn.expander - INFO - Train | Batch Loss: 58.7958
2026-03-09 08:35:37 - nn.expander - INFO - Train | Grad Norm: 37.1558

2026-03-09 08:35:38 - nn.expander - INFO - Train | Batch Size: 40 | Avg Precision: 0.2900 | Avg Recall: 0.4700
2026-03-09 08:35:38 - nn.expander - INFO - Train | Batch Loss: 44.2957
2026-03-09 08:35:38 - nn.expander - INFO - Train | Grad Norm: 23.6092

2026-03-09 08:35:39 - nn.expander - INFO - Train | Batch Size: 40 | Avg Precision: 0.2737 | Avg Recall: 0.4525
2026-03-09 08:35:39 - nn.expander - INFO - Train | Batch Loss: 42.1518
2026-03-09 08:35:39 - nn.expander - INFO - Train | Grad Norm: 35.2581

2026-03-09 08:35:40 - nn.expander - INFO - Train | Batch Size: 40 | Avg Precision: 0.2583 | Avg Recall: 0.4138
2026-03-09 08:35:40 - nn.expander - INFO - Train | Batch Loss: 54.2994
2026-03-09 08:35:41 - nn.expander - INFO - Train | Grad Norm: 24.1827

2026-03-09 08:35:42 - nn.expander - INFO - Train | Batch Size: 40 | Avg Precision: 0.1804 | Avg Recall: 0.4610
2026-03-09 08:35:42 - nn.expander - INFO - Train | Batch Loss: 47.5758
2026-03-09 08:35:42 - nn.expander - INFO - Train | Grad Norm: 33.9848

2026-03-09 08:35:43 - nn.expander - INFO - Train | Batch Size: 40 | Avg Precision: 0.2645 | Avg Recall: 0.4820
2026-03-09 08:35:43 - nn.expander - INFO - Train | Batch Loss: 63.2701
2026-03-09 08:35:44 - nn.expander - INFO - Train | Grad Norm: 38.7362

2026-03-09 08:35:45 - nn.expander - INFO - Train | Batch Size: 40 | Avg Precision: 0.2617 | Avg Recall: 0.4174
2026-03-09 08:35:45 - nn.expander - INFO - Train | Batch Loss: 38.2960
2026-03-09 08:35:45 - nn.expander - INFO - Train | Grad Norm: 24.9129

2026-03-09 08:35:46 - nn.expander - INFO - Train | Batch Size: 40 | Avg Precision: 0.2730 | Avg Recall: 0.5189
2026-03-09 08:35:46 - nn.expander - INFO - Train | Batch Loss: 56.5075
2026-03-09 08:35:46 - nn.expander - INFO - Train | Grad Norm: 32.3687

2026-03-09 08:35:47 - nn.expander - INFO - Train | Batch Size: 40 | Avg Precision: 0.2963 | Avg Recall: 0.4641
2026-03-09 08:35:47 - nn.expander - INFO - Train | Batch Loss: 41.8427
2026-03-09 08:35:48 - nn.expander - INFO - Train | Grad Norm: 30.6365

2026-03-09 08:35:48 - nn.expander - INFO - Train | Batch Size: 40 | Avg Precision: 0.2177 | Avg Recall: 0.4611
2026-03-09 08:35:48 - nn.expander - INFO - Train | Batch Loss: 59.2227
2026-03-09 08:35:49 - nn.expander - INFO - Train | Grad Norm: 31.8190

2026-03-09 08:35:53 - root - INFO - ✅ 数据集 elliptic 训练完成！最终测试集F1：0.3793
2026-03-09 08:35:53 - root - INFO - 
======================================================================
📊 所有数据集训练结果汇总
======================================================================
2026-03-09 08:35:53 - root - INFO - 数据集        | P      | R      | F1    
2026-03-09 08:35:53 - root - INFO - ----------------------------------------------------------------------
2026-03-09 08:35:53 - root - INFO - elliptic   | 0.4895 | 0.5906 | 0.3793
2026-03-09 08:35:53 - root - INFO - ✅ 所有数据集训练流程执行完毕！
2026-03-09 08:37:30 - root - INFO - ✅ 工作目录已设置为：/home/u2023312299/sci
2026-03-09 08:37:30 - root - INFO - 🔄 项目启动，开始执行数据集训练流程
2026-03-09 08:37:30 - root - INFO - 
📋 开始批量训练数据集：['elliptic'] (全局种子=2026)
2026-03-09 08:37:30 - root - INFO - 
======================================================================
🚀 开始训练数据集：elliptic (种子=2026)
======================================================================
2026-03-09 08:37:30 - root - INFO - ✅ 随机种子已设置为：2026
2026-03-09 08:37:30 - root - INFO - ✅ 加载数据集 elliptic 配置完成，核心参数：p_bias=10, len_penalty_coeff=0.99
2026-03-09 08:37:48 - nn.expander - INFO - Train | Batch Size: 40 | Avg Precision: 0.5503 | Avg Recall: 0.3086
2026-03-09 08:37:48 - nn.expander - INFO - Train | Batch Loss: 35.4873
2026-03-09 08:37:48 - nn.expander - INFO - Train | Grad Norm: 20.8384

2026-03-09 08:37:49 - nn.expander - INFO - Train | Batch Size: 40 | Avg Precision: 0.5005 | Avg Recall: 0.3953
2026-03-09 08:37:49 - nn.expander - INFO - Train | Batch Loss: 43.8173
2026-03-09 08:37:49 - nn.expander - INFO - Train | Grad Norm: 18.6471

2026-03-09 08:37:50 - nn.expander - INFO - Train | Batch Size: 40 | Avg Precision: 0.3821 | Avg Recall: 0.3855
2026-03-09 08:37:50 - nn.expander - INFO - Train | Batch Loss: 68.0621
2026-03-09 08:37:50 - nn.expander - INFO - Train | Grad Norm: 30.9016

2026-03-09 08:37:51 - nn.expander - INFO - Train | Batch Size: 40 | Avg Precision: 0.3719 | Avg Recall: 0.5051
2026-03-09 08:37:51 - nn.expander - INFO - Train | Batch Loss: 86.1082
2026-03-09 08:37:51 - nn.expander - INFO - Train | Grad Norm: 35.9408

2026-03-09 08:37:52 - nn.expander - INFO - Train | Batch Size: 40 | Avg Precision: 0.3393 | Avg Recall: 0.4682
2026-03-09 08:37:52 - nn.expander - INFO - Train | Batch Loss: 70.4917
2026-03-09 08:37:52 - nn.expander - INFO - Train | Grad Norm: 27.6408

2026-03-09 08:37:53 - nn.expander - INFO - Train | Batch Size: 40 | Avg Precision: 0.3497 | Avg Recall: 0.4227
2026-03-09 08:37:53 - nn.expander - INFO - Train | Batch Loss: 61.4731
2026-03-09 08:37:53 - nn.expander - INFO - Train | Grad Norm: 37.4505

2026-03-09 08:37:54 - nn.expander - INFO - Train | Batch Size: 40 | Avg Precision: 0.3923 | Avg Recall: 0.4324
2026-03-09 08:37:54 - nn.expander - INFO - Train | Batch Loss: 51.4659
2026-03-09 08:37:54 - nn.expander - INFO - Train | Grad Norm: 29.8915

2026-03-09 08:37:55 - nn.expander - INFO - Train | Batch Size: 40 | Avg Precision: 0.2981 | Avg Recall: 0.4215
2026-03-09 08:37:55 - nn.expander - INFO - Train | Batch Loss: 82.7883
2026-03-09 08:37:55 - nn.expander - INFO - Train | Grad Norm: 33.7785

2026-03-09 08:37:56 - nn.expander - INFO - Train | Batch Size: 40 | Avg Precision: 0.3299 | Avg Recall: 0.3764
2026-03-09 08:37:56 - nn.expander - INFO - Train | Batch Loss: 53.2594
2026-03-09 08:37:56 - nn.expander - INFO - Train | Grad Norm: 43.6012

2026-03-09 08:37:57 - nn.expander - INFO - Train | Batch Size: 40 | Avg Precision: 0.2880 | Avg Recall: 0.3479
2026-03-09 08:37:57 - nn.expander - INFO - Train | Batch Loss: 71.7015
2026-03-09 08:37:58 - nn.expander - INFO - Train | Grad Norm: 45.4047

2026-03-09 08:37:59 - nn.expander - INFO - Train | Batch Size: 40 | Avg Precision: 0.2432 | Avg Recall: 0.5229
2026-03-09 08:37:59 - nn.expander - INFO - Train | Batch Loss: 60.2822
2026-03-09 08:37:59 - nn.expander - INFO - Train | Grad Norm: 42.6409

2026-03-09 08:38:00 - nn.expander - INFO - Train | Batch Size: 40 | Avg Precision: 0.2949 | Avg Recall: 0.4063
2026-03-09 08:38:00 - nn.expander - INFO - Train | Batch Loss: 64.8153
2026-03-09 08:38:01 - nn.expander - INFO - Train | Grad Norm: 27.7757

2026-03-09 08:38:01 - nn.expander - INFO - Train | Batch Size: 40 | Avg Precision: 0.3307 | Avg Recall: 0.5226
2026-03-09 08:38:01 - nn.expander - INFO - Train | Batch Loss: 54.4988
2026-03-09 08:38:02 - nn.expander - INFO - Train | Grad Norm: 34.8070

2026-03-09 08:38:02 - nn.expander - INFO - Train | Batch Size: 40 | Avg Precision: 0.2607 | Avg Recall: 0.4432
2026-03-09 08:38:02 - nn.expander - INFO - Train | Batch Loss: 46.6214
2026-03-09 08:38:03 - nn.expander - INFO - Train | Grad Norm: 38.5098

2026-03-09 08:38:04 - nn.expander - INFO - Train | Batch Size: 40 | Avg Precision: 0.2454 | Avg Recall: 0.3685
2026-03-09 08:38:04 - nn.expander - INFO - Train | Batch Loss: 48.1489
2026-03-09 08:38:04 - nn.expander - INFO - Train | Grad Norm: 26.9731

2026-03-09 08:38:05 - nn.expander - INFO - Train | Batch Size: 40 | Avg Precision: 0.3200 | Avg Recall: 0.3824
2026-03-09 08:38:05 - nn.expander - INFO - Train | Batch Loss: 47.1294
2026-03-09 08:38:06 - nn.expander - INFO - Train | Grad Norm: 38.4324

2026-03-09 08:38:07 - nn.expander - INFO - Train | Batch Size: 40 | Avg Precision: 0.2120 | Avg Recall: 0.4669
2026-03-09 08:38:07 - nn.expander - INFO - Train | Batch Loss: 38.1373
2026-03-09 08:38:07 - nn.expander - INFO - Train | Grad Norm: 22.0382

2026-03-09 08:38:08 - nn.expander - INFO - Train | Batch Size: 40 | Avg Precision: 0.2311 | Avg Recall: 0.4045
2026-03-09 08:38:08 - nn.expander - INFO - Train | Batch Loss: 51.2906
2026-03-09 08:38:09 - nn.expander - INFO - Train | Grad Norm: 37.2389

2026-03-09 08:38:09 - nn.expander - INFO - Train | Batch Size: 40 | Avg Precision: 0.2917 | Avg Recall: 0.3454
2026-03-09 08:38:09 - nn.expander - INFO - Train | Batch Loss: 51.7800
2026-03-09 08:38:10 - nn.expander - INFO - Train | Grad Norm: 51.6595

2026-03-09 08:38:11 - nn.expander - INFO - Train | Batch Size: 40 | Avg Precision: 0.2719 | Avg Recall: 0.4527
2026-03-09 08:38:11 - nn.expander - INFO - Train | Batch Loss: 53.6713
2026-03-09 08:38:11 - nn.expander - INFO - Train | Grad Norm: 27.4823

2026-03-09 08:38:12 - nn.expander - INFO - Train | Batch Size: 40 | Avg Precision: 0.3119 | Avg Recall: 0.3800
2026-03-09 08:38:12 - nn.expander - INFO - Train | Batch Loss: 57.1032
2026-03-09 08:38:13 - nn.expander - INFO - Train | Grad Norm: 37.6308

2026-03-09 08:38:13 - nn.expander - INFO - Train | Batch Size: 40 | Avg Precision: 0.2913 | Avg Recall: 0.4720
2026-03-09 08:38:13 - nn.expander - INFO - Train | Batch Loss: 45.2638
2026-03-09 08:38:14 - nn.expander - INFO - Train | Grad Norm: 23.4002

2026-03-09 08:38:14 - nn.expander - INFO - Train | Batch Size: 40 | Avg Precision: 0.2762 | Avg Recall: 0.4586
2026-03-09 08:38:14 - nn.expander - INFO - Train | Batch Loss: 46.2594
2026-03-09 08:38:15 - nn.expander - INFO - Train | Grad Norm: 36.5291

2026-03-09 08:38:16 - nn.expander - INFO - Train | Batch Size: 40 | Avg Precision: 0.2583 | Avg Recall: 0.4138
2026-03-09 08:38:16 - nn.expander - INFO - Train | Batch Loss: 53.9664
2026-03-09 08:38:17 - nn.expander - INFO - Train | Grad Norm: 24.1750

2026-03-09 08:38:18 - nn.expander - INFO - Train | Batch Size: 40 | Avg Precision: 0.1817 | Avg Recall: 0.4631
2026-03-09 08:38:18 - nn.expander - INFO - Train | Batch Loss: 51.5892
2026-03-09 08:38:18 - nn.expander - INFO - Train | Grad Norm: 35.1521

2026-03-09 08:38:19 - nn.expander - INFO - Train | Batch Size: 40 | Avg Precision: 0.2658 | Avg Recall: 0.4838
2026-03-09 08:38:19 - nn.expander - INFO - Train | Batch Loss: 64.5743
2026-03-09 08:38:20 - nn.expander - INFO - Train | Grad Norm: 41.3692

2026-03-09 08:38:20 - nn.expander - INFO - Train | Batch Size: 40 | Avg Precision: 0.2654 | Avg Recall: 0.4242
2026-03-09 08:38:20 - nn.expander - INFO - Train | Batch Loss: 45.0908
2026-03-09 08:38:21 - nn.expander - INFO - Train | Grad Norm: 25.6617

2026-03-09 08:38:22 - nn.expander - INFO - Train | Batch Size: 40 | Avg Precision: 0.2730 | Avg Recall: 0.5189
2026-03-09 08:38:22 - nn.expander - INFO - Train | Batch Loss: 56.1820
2026-03-09 08:38:22 - nn.expander - INFO - Train | Grad Norm: 32.3464

2026-03-09 08:38:23 - nn.expander - INFO - Train | Batch Size: 40 | Avg Precision: 0.2958 | Avg Recall: 0.4699
2026-03-09 08:38:23 - nn.expander - INFO - Train | Batch Loss: 43.7561
2026-03-09 08:38:24 - nn.expander - INFO - Train | Grad Norm: 34.2329

2026-03-09 08:38:25 - nn.expander - INFO - Train | Batch Size: 40 | Avg Precision: 0.2202 | Avg Recall: 0.4667
2026-03-09 08:38:25 - nn.expander - INFO - Train | Batch Loss: 62.4449
2026-03-09 08:38:25 - nn.expander - INFO - Train | Grad Norm: 33.9044

2026-03-09 08:38:29 - root - INFO - ✅ 数据集 elliptic 训练完成！最终测试集F1：0.3811
2026-03-09 08:38:29 - root - INFO - 
======================================================================
📊 所有数据集训练结果汇总
======================================================================
2026-03-09 08:38:29 - root - INFO - 数据集        | P      | R      | F1    
2026-03-09 08:38:29 - root - INFO - ----------------------------------------------------------------------
2026-03-09 08:38:29 - root - INFO - elliptic   | 0.5042 | 0.5850 | 0.3811
2026-03-09 08:38:29 - root - INFO - ✅ 所有数据集训练流程执行完毕！
2026-03-09 08:39:46 - root - INFO - ✅ 工作目录已设置为：/home/u2023312299/sci
2026-03-09 08:39:46 - root - INFO - 🔄 项目启动，开始执行数据集训练流程
2026-03-09 08:39:46 - root - INFO - 
📋 开始批量训练数据集：['elliptic'] (全局种子=2026)
2026-03-09 08:39:46 - root - INFO - 
======================================================================
🚀 开始训练数据集：elliptic (种子=2026)
======================================================================
2026-03-09 08:39:46 - root - INFO - ✅ 随机种子已设置为：2026
2026-03-09 08:39:46 - root - INFO - ✅ 加载数据集 elliptic 配置完成，核心参数：p_bias=10, len_penalty_coeff=0.99
2026-03-09 08:40:04 - nn.expander - INFO - Train | Batch Size: 40 | Avg Precision: 0.5503 | Avg Recall: 0.3086
2026-03-09 08:40:04 - nn.expander - INFO - Train | Batch Loss: 35.4873
2026-03-09 08:40:05 - nn.expander - INFO - Train | Grad Norm: 20.8384

2026-03-09 08:40:05 - nn.expander - INFO - Train | Batch Size: 40 | Avg Precision: 0.5005 | Avg Recall: 0.3953
2026-03-09 08:40:05 - nn.expander - INFO - Train | Batch Loss: 44.3304
2026-03-09 08:40:06 - nn.expander - INFO - Train | Grad Norm: 19.0641

2026-03-09 08:40:06 - nn.expander - INFO - Train | Batch Size: 40 | Avg Precision: 0.3821 | Avg Recall: 0.3855
2026-03-09 08:40:06 - nn.expander - INFO - Train | Batch Loss: 69.4673
2026-03-09 08:40:07 - nn.expander - INFO - Train | Grad Norm: 32.4666

2026-03-09 08:40:07 - nn.expander - INFO - Train | Batch Size: 40 | Avg Precision: 0.3694 | Avg Recall: 0.5015
2026-03-09 08:40:07 - nn.expander - INFO - Train | Batch Loss: 80.3748
2026-03-09 08:40:08 - nn.expander - INFO - Train | Grad Norm: 35.1312

2026-03-09 08:40:09 - nn.expander - INFO - Train | Batch Size: 40 | Avg Precision: 0.3405 | Avg Recall: 0.4707
2026-03-09 08:40:09 - nn.expander - INFO - Train | Batch Loss: 72.6086
2026-03-09 08:40:09 - nn.expander - INFO - Train | Grad Norm: 27.9285

2026-03-09 08:40:10 - nn.expander - INFO - Train | Batch Size: 40 | Avg Precision: 0.3460 | Avg Recall: 0.4160
2026-03-09 08:40:10 - nn.expander - INFO - Train | Batch Loss: 56.8809
2026-03-09 08:40:10 - nn.expander - INFO - Train | Grad Norm: 31.8023

2026-03-09 08:40:11 - nn.expander - INFO - Train | Batch Size: 40 | Avg Precision: 0.3935 | Avg Recall: 0.4324
2026-03-09 08:40:11 - nn.expander - INFO - Train | Batch Loss: 50.9330
2026-03-09 08:40:11 - nn.expander - INFO - Train | Grad Norm: 29.3975

2026-03-09 08:40:12 - nn.expander - INFO - Train | Batch Size: 40 | Avg Precision: 0.2981 | Avg Recall: 0.4215
2026-03-09 08:40:12 - nn.expander - INFO - Train | Batch Loss: 83.9296
2026-03-09 08:40:13 - nn.expander - INFO - Train | Grad Norm: 34.9301

2026-03-09 08:40:13 - nn.expander - INFO - Train | Batch Size: 40 | Avg Precision: 0.3374 | Avg Recall: 0.3853
2026-03-09 08:40:13 - nn.expander - INFO - Train | Batch Loss: 68.9091
2026-03-09 08:40:14 - nn.expander - INFO - Train | Grad Norm: 45.9622

2026-03-09 08:40:15 - nn.expander - INFO - Train | Batch Size: 40 | Avg Precision: 0.2892 | Avg Recall: 0.3502
2026-03-09 08:40:15 - nn.expander - INFO - Train | Batch Loss: 74.4575
2026-03-09 08:40:16 - nn.expander - INFO - Train | Grad Norm: 40.3914

2026-03-09 08:40:17 - nn.expander - INFO - Train | Batch Size: 40 | Avg Precision: 0.2470 | Avg Recall: 0.5283
2026-03-09 08:40:17 - nn.expander - INFO - Train | Batch Loss: 71.5813
2026-03-09 08:40:18 - nn.expander - INFO - Train | Grad Norm: 55.1243

2026-03-09 08:40:18 - nn.expander - INFO - Train | Batch Size: 40 | Avg Precision: 0.2974 | Avg Recall: 0.4109
2026-03-09 08:40:18 - nn.expander - INFO - Train | Batch Loss: 70.2828
2026-03-09 08:40:19 - nn.expander - INFO - Train | Grad Norm: 28.1111

2026-03-09 08:40:20 - nn.expander - INFO - Train | Batch Size: 40 | Avg Precision: 0.3344 | Avg Recall: 0.5339
2026-03-09 08:40:20 - nn.expander - INFO - Train | Batch Loss: 54.2975
2026-03-09 08:40:20 - nn.expander - INFO - Train | Grad Norm: 34.7254

2026-03-09 08:40:21 - nn.expander - INFO - Train | Batch Size: 40 | Avg Precision: 0.2465 | Avg Recall: 0.4492
2026-03-09 08:40:21 - nn.expander - INFO - Train | Batch Loss: 44.8256
2026-03-09 08:40:22 - nn.expander - INFO - Train | Grad Norm: 38.2004

2026-03-09 08:40:23 - nn.expander - INFO - Train | Batch Size: 40 | Avg Precision: 0.2454 | Avg Recall: 0.3685
2026-03-09 08:40:23 - nn.expander - INFO - Train | Batch Loss: 49.0903
2026-03-09 08:40:24 - nn.expander - INFO - Train | Grad Norm: 28.9563

2026-03-09 08:40:25 - nn.expander - INFO - Train | Batch Size: 40 | Avg Precision: 0.3200 | Avg Recall: 0.3824
2026-03-09 08:40:25 - nn.expander - INFO - Train | Batch Loss: 49.5946
2026-03-09 08:40:25 - nn.expander - INFO - Train | Grad Norm: 45.9515

2026-03-09 08:40:26 - nn.expander - INFO - Train | Batch Size: 40 | Avg Precision: 0.2158 | Avg Recall: 0.4741
2026-03-09 08:40:26 - nn.expander - INFO - Train | Batch Loss: 46.8723
2026-03-09 08:40:27 - nn.expander - INFO - Train | Grad Norm: 21.4478

2026-03-09 08:40:28 - nn.expander - INFO - Train | Batch Size: 40 | Avg Precision: 0.2524 | Avg Recall: 0.4045
2026-03-09 08:40:28 - nn.expander - INFO - Train | Batch Loss: 52.4540
2026-03-09 08:40:29 - nn.expander - INFO - Train | Grad Norm: 40.7006

2026-03-09 08:40:30 - nn.expander - INFO - Train | Batch Size: 40 | Avg Precision: 0.2973 | Avg Recall: 0.3612
2026-03-09 08:40:30 - nn.expander - INFO - Train | Batch Loss: 66.8185
2026-03-09 08:40:31 - nn.expander - INFO - Train | Grad Norm: 77.0284

2026-03-09 08:40:32 - nn.expander - INFO - Train | Batch Size: 40 | Avg Precision: 0.2719 | Avg Recall: 0.4527
2026-03-09 08:40:32 - nn.expander - INFO - Train | Batch Loss: 54.0474
2026-03-09 08:40:33 - nn.expander - INFO - Train | Grad Norm: 27.5637

2026-03-09 08:40:33 - nn.expander - INFO - Train | Batch Size: 40 | Avg Precision: 0.3119 | Avg Recall: 0.3800
2026-03-09 08:40:33 - nn.expander - INFO - Train | Batch Loss: 59.4655
2026-03-09 08:40:34 - nn.expander - INFO - Train | Grad Norm: 45.2551

2026-03-09 08:40:35 - nn.expander - INFO - Train | Batch Size: 40 | Avg Precision: 0.2912 | Avg Recall: 0.4716
2026-03-09 08:40:35 - nn.expander - INFO - Train | Batch Loss: 45.5214
2026-03-09 08:40:36 - nn.expander - INFO - Train | Grad Norm: 24.6295

2026-03-09 08:40:36 - nn.expander - INFO - Train | Batch Size: 40 | Avg Precision: 0.2762 | Avg Recall: 0.4586
2026-03-09 08:40:36 - nn.expander - INFO - Train | Batch Loss: 47.6070
2026-03-09 08:40:37 - nn.expander - INFO - Train | Grad Norm: 38.3648

2026-03-09 08:40:38 - nn.expander - INFO - Train | Batch Size: 40 | Avg Precision: 0.2583 | Avg Recall: 0.4138
2026-03-09 08:40:38 - nn.expander - INFO - Train | Batch Loss: 54.3207
2026-03-09 08:40:39 - nn.expander - INFO - Train | Grad Norm: 24.1888

2026-03-09 08:40:40 - nn.expander - INFO - Train | Batch Size: 40 | Avg Precision: 0.1804 | Avg Recall: 0.4614
2026-03-09 08:40:40 - nn.expander - INFO - Train | Batch Loss: 48.7609
2026-03-09 08:40:41 - nn.expander - INFO - Train | Grad Norm: 31.7977

2026-03-09 08:40:42 - nn.expander - INFO - Train | Batch Size: 40 | Avg Precision: 0.2658 | Avg Recall: 0.4838
2026-03-09 08:40:42 - nn.expander - INFO - Train | Batch Loss: 65.0429
2026-03-09 08:40:43 - nn.expander - INFO - Train | Grad Norm: 42.4034

2026-03-09 08:40:44 - nn.expander - INFO - Train | Batch Size: 40 | Avg Precision: 0.2687 | Avg Recall: 0.4197
2026-03-09 08:40:44 - nn.expander - INFO - Train | Batch Loss: 40.4894
2026-03-09 08:40:45 - nn.expander - INFO - Train | Grad Norm: 26.5881

2026-03-09 08:40:45 - nn.expander - INFO - Train | Batch Size: 40 | Avg Precision: 0.2730 | Avg Recall: 0.5189
2026-03-09 08:40:45 - nn.expander - INFO - Train | Batch Loss: 56.1811
2026-03-09 08:40:46 - nn.expander - INFO - Train | Grad Norm: 32.5202

2026-03-09 08:40:47 - nn.expander - INFO - Train | Batch Size: 40 | Avg Precision: 0.2991 | Avg Recall: 0.4684
2026-03-09 08:40:47 - nn.expander - INFO - Train | Batch Loss: 43.3550
2026-03-09 08:40:48 - nn.expander - INFO - Train | Grad Norm: 35.8206

2026-03-09 08:40:49 - nn.expander - INFO - Train | Batch Size: 40 | Avg Precision: 0.2227 | Avg Recall: 0.4698
2026-03-09 08:40:49 - nn.expander - INFO - Train | Batch Loss: 66.8611
2026-03-09 08:40:50 - nn.expander - INFO - Train | Grad Norm: 38.3972

2026-03-09 08:40:54 - root - INFO - ✅ 数据集 elliptic 训练完成！最终测试集F1：0.3766
2026-03-09 08:40:54 - root - INFO - 
======================================================================
📊 所有数据集训练结果汇总
======================================================================
2026-03-09 08:40:54 - root - INFO - 数据集        | P      | R      | F1    
2026-03-09 08:40:54 - root - INFO - ----------------------------------------------------------------------
2026-03-09 08:40:54 - root - INFO - elliptic   | 0.4877 | 0.5871 | 0.3766
2026-03-09 08:40:54 - root - INFO - ✅ 所有数据集训练流程执行完毕！
2026-03-09 08:41:41 - root - INFO - ✅ 工作目录已设置为：/home/u2023312299/sci
2026-03-09 08:41:41 - root - INFO - 🔄 项目启动，开始执行数据集训练流程
2026-03-09 08:41:41 - root - INFO - 
📋 开始批量训练数据集：['elliptic'] (全局种子=2026)
2026-03-09 08:41:41 - root - INFO - 
======================================================================
🚀 开始训练数据集：elliptic (种子=2026)
======================================================================
2026-03-09 08:41:41 - root - INFO - ✅ 随机种子已设置为：2026
2026-03-09 08:41:41 - root - INFO - ✅ 加载数据集 elliptic 配置完成，核心参数：p_bias=10, len_penalty_coeff=0.99
2026-03-09 08:41:59 - nn.expander - INFO - Train | Batch Size: 40 | Avg Precision: 0.5290 | Avg Recall: 0.3105
2026-03-09 08:41:59 - nn.expander - INFO - Train | Batch Loss: 38.1120
2026-03-09 08:42:00 - nn.expander - INFO - Train | Grad Norm: 21.6437

2026-03-09 08:42:00 - nn.expander - INFO - Train | Batch Size: 40 | Avg Precision: 0.4855 | Avg Recall: 0.3908
2026-03-09 08:42:00 - nn.expander - INFO - Train | Batch Loss: 50.6953
2026-03-09 08:42:01 - nn.expander - INFO - Train | Grad Norm: 19.9653

2026-03-09 08:42:02 - nn.expander - INFO - Train | Batch Size: 40 | Avg Precision: 0.3546 | Avg Recall: 0.3755
2026-03-09 08:42:02 - nn.expander - INFO - Train | Batch Loss: 57.9706
2026-03-09 08:42:03 - nn.expander - INFO - Train | Grad Norm: 25.3823

2026-03-09 08:42:03 - nn.expander - INFO - Train | Batch Size: 40 | Avg Precision: 0.3741 | Avg Recall: 0.4958
2026-03-09 08:42:03 - nn.expander - INFO - Train | Batch Loss: 75.6361
2026-03-09 08:42:04 - nn.expander - INFO - Train | Grad Norm: 34.7751

2026-03-09 08:42:04 - nn.expander - INFO - Train | Batch Size: 40 | Avg Precision: 0.3367 | Avg Recall: 0.4609
2026-03-09 08:42:04 - nn.expander - INFO - Train | Batch Loss: 64.0293
2026-03-09 08:42:05 - nn.expander - INFO - Train | Grad Norm: 27.7299

2026-03-09 08:42:06 - nn.expander - INFO - Train | Batch Size: 40 | Avg Precision: 0.3267 | Avg Recall: 0.4146
2026-03-09 08:42:06 - nn.expander - INFO - Train | Batch Loss: 59.2313
2026-03-09 08:42:07 - nn.expander - INFO - Train | Grad Norm: 33.2004

2026-03-09 08:42:07 - nn.expander - INFO - Train | Batch Size: 40 | Avg Precision: 0.3965 | Avg Recall: 0.4453
2026-03-09 08:42:07 - nn.expander - INFO - Train | Batch Loss: 52.0376
2026-03-09 08:42:08 - nn.expander - INFO - Train | Grad Norm: 32.2063

2026-03-09 08:42:09 - nn.expander - INFO - Train | Batch Size: 40 | Avg Precision: 0.2943 | Avg Recall: 0.4121
2026-03-09 08:42:09 - nn.expander - INFO - Train | Batch Loss: 77.9896
2026-03-09 08:42:09 - nn.expander - INFO - Train | Grad Norm: 34.1067

2026-03-09 08:42:10 - nn.expander - INFO - Train | Batch Size: 40 | Avg Precision: 0.3150 | Avg Recall: 0.3830
2026-03-09 08:42:10 - nn.expander - INFO - Train | Batch Loss: 70.4703
2026-03-09 08:42:11 - nn.expander - INFO - Train | Grad Norm: 52.2220

2026-03-09 08:42:12 - nn.expander - INFO - Train | Batch Size: 40 | Avg Precision: 0.2825 | Avg Recall: 0.3389
2026-03-09 08:42:12 - nn.expander - INFO - Train | Batch Loss: 57.6636
2026-03-09 08:42:13 - nn.expander - INFO - Train | Grad Norm: 43.0912

2026-03-09 08:42:14 - nn.expander - INFO - Train | Batch Size: 40 | Avg Precision: 0.2420 | Avg Recall: 0.5194
2026-03-09 08:42:14 - nn.expander - INFO - Train | Batch Loss: 58.8234
2026-03-09 08:42:16 - nn.expander - INFO - Train | Grad Norm: 57.5738

2026-03-09 08:42:17 - nn.expander - INFO - Train | Batch Size: 40 | Avg Precision: 0.2937 | Avg Recall: 0.4055
2026-03-09 08:42:17 - nn.expander - INFO - Train | Batch Loss: 58.5312
2026-03-09 08:42:18 - nn.expander - INFO - Train | Grad Norm: 32.2606

2026-03-09 08:42:18 - nn.expander - INFO - Train | Batch Size: 40 | Avg Precision: 0.3369 | Avg Recall: 0.5388
2026-03-09 08:42:18 - nn.expander - INFO - Train | Batch Loss: 62.1932
2026-03-09 08:42:20 - nn.expander - INFO - Train | Grad Norm: 37.3246

2026-03-09 08:42:20 - nn.expander - INFO - Train | Batch Size: 40 | Avg Precision: 0.2409 | Avg Recall: 0.4340
2026-03-09 08:42:20 - nn.expander - INFO - Train | Batch Loss: 41.2036
2026-03-09 08:42:22 - nn.expander - INFO - Train | Grad Norm: 35.9940

2026-03-09 08:42:22 - nn.expander - INFO - Train | Batch Size: 40 | Avg Precision: 0.2450 | Avg Recall: 0.3730
2026-03-09 08:42:22 - nn.expander - INFO - Train | Batch Loss: 54.1331
2026-03-09 08:42:24 - nn.expander - INFO - Train | Grad Norm: 35.4113

2026-03-09 08:42:25 - nn.expander - INFO - Train | Batch Size: 40 | Avg Precision: 0.3188 | Avg Recall: 0.3809
2026-03-09 08:42:25 - nn.expander - INFO - Train | Batch Loss: 47.7294
2026-03-09 08:42:26 - nn.expander - INFO - Train | Grad Norm: 49.0465

2026-03-09 08:42:27 - nn.expander - INFO - Train | Batch Size: 40 | Avg Precision: 0.1812 | Avg Recall: 0.4681
2026-03-09 08:42:27 - nn.expander - INFO - Train | Batch Loss: 42.6829
2026-03-09 08:42:29 - nn.expander - INFO - Train | Grad Norm: 23.3265

2026-03-09 08:42:29 - nn.expander - INFO - Train | Batch Size: 40 | Avg Precision: 0.2249 | Avg Recall: 0.3941
2026-03-09 08:42:29 - nn.expander - INFO - Train | Batch Loss: 45.0359
2026-03-09 08:42:31 - nn.expander - INFO - Train | Grad Norm: 43.9273

2026-03-09 08:42:32 - nn.expander - INFO - Train | Batch Size: 40 | Avg Precision: 0.2948 | Avg Recall: 0.3554
2026-03-09 08:42:32 - nn.expander - INFO - Train | Batch Loss: 65.2696
2026-03-09 08:42:34 - nn.expander - INFO - Train | Grad Norm: 90.1542

2026-03-09 08:42:35 - nn.expander - INFO - Train | Batch Size: 40 | Avg Precision: 0.2757 | Avg Recall: 0.4600
2026-03-09 08:42:35 - nn.expander - INFO - Train | Batch Loss: 58.8229
2026-03-09 08:42:36 - nn.expander - INFO - Train | Grad Norm: 32.9884

2026-03-09 08:42:37 - nn.expander - INFO - Train | Batch Size: 40 | Avg Precision: 0.2969 | Avg Recall: 0.3710
2026-03-09 08:42:37 - nn.expander - INFO - Train | Batch Loss: 55.8673
2026-03-09 08:42:38 - nn.expander - INFO - Train | Grad Norm: 49.6410

2026-03-09 08:42:39 - nn.expander - INFO - Train | Batch Size: 40 | Avg Precision: 0.2850 | Avg Recall: 0.4442
2026-03-09 08:42:39 - nn.expander - INFO - Train | Batch Loss: 37.6875
2026-03-09 08:42:40 - nn.expander - INFO - Train | Grad Norm: 22.1062

2026-03-09 08:42:41 - nn.expander - INFO - Train | Batch Size: 40 | Avg Precision: 0.2658 | Avg Recall: 0.4600
2026-03-09 08:42:41 - nn.expander - INFO - Train | Batch Loss: 51.2585
2026-03-09 08:42:42 - nn.expander - INFO - Train | Grad Norm: 44.9420

2026-03-09 08:42:43 - nn.expander - INFO - Train | Batch Size: 40 | Avg Precision: 0.2746 | Avg Recall: 0.4061
2026-03-09 08:42:43 - nn.expander - INFO - Train | Batch Loss: 49.4515
2026-03-09 08:42:44 - nn.expander - INFO - Train | Grad Norm: 22.9776

2026-03-09 08:42:45 - nn.expander - INFO - Train | Batch Size: 40 | Avg Precision: 0.1842 | Avg Recall: 0.4762
2026-03-09 08:42:46 - nn.expander - INFO - Train | Batch Loss: 60.5255
2026-03-09 08:42:47 - nn.expander - INFO - Train | Grad Norm: 50.9282

2026-03-09 08:42:48 - nn.expander - INFO - Train | Batch Size: 40 | Avg Precision: 0.2570 | Avg Recall: 0.4602
2026-03-09 08:42:48 - nn.expander - INFO - Train | Batch Loss: 54.4126
2026-03-09 08:42:50 - nn.expander - INFO - Train | Grad Norm: 41.2791

2026-03-09 08:42:51 - nn.expander - INFO - Train | Batch Size: 40 | Avg Precision: 0.2229 | Avg Recall: 0.4341
2026-03-09 08:42:51 - nn.expander - INFO - Train | Batch Loss: 44.8679
2026-03-09 08:42:52 - nn.expander - INFO - Train | Grad Norm: 28.2125

2026-03-09 08:42:53 - nn.expander - INFO - Train | Batch Size: 40 | Avg Precision: 0.2657 | Avg Recall: 0.5111
2026-03-09 08:42:53 - nn.expander - INFO - Train | Batch Loss: 47.0686
2026-03-09 08:42:54 - nn.expander - INFO - Train | Grad Norm: 34.0903

2026-03-09 08:42:55 - nn.expander - INFO - Train | Batch Size: 40 | Avg Precision: 0.2840 | Avg Recall: 0.4531
2026-03-09 08:42:55 - nn.expander - INFO - Train | Batch Loss: 36.4964
2026-03-09 08:42:57 - nn.expander - INFO - Train | Grad Norm: 37.4667

2026-03-09 08:42:58 - nn.expander - INFO - Train | Batch Size: 40 | Avg Precision: 0.2203 | Avg Recall: 0.4435
2026-03-09 08:42:58 - nn.expander - INFO - Train | Batch Loss: 45.7718
2026-03-09 08:42:59 - nn.expander - INFO - Train | Grad Norm: 33.1669

2026-03-09 08:43:03 - root - INFO - ✅ 数据集 elliptic 训练完成！最终测试集F1：0.3802
2026-03-09 08:43:03 - root - INFO - 
======================================================================
📊 所有数据集训练结果汇总
======================================================================
2026-03-09 08:43:03 - root - INFO - 数据集        | P      | R      | F1    
2026-03-09 08:43:03 - root - INFO - ----------------------------------------------------------------------
2026-03-09 08:43:03 - root - INFO - elliptic   | 0.4909 | 0.5825 | 0.3802
2026-03-09 08:43:03 - root - INFO - ✅ 所有数据集训练流程执行完毕！
2026-03-09 08:44:42 - root - INFO - ✅ 工作目录已设置为：/home/u2023312299/sci
2026-03-09 08:44:42 - root - INFO - 🔄 项目启动，开始执行数据集训练流程
2026-03-09 08:44:42 - root - INFO - 
📋 开始批量训练数据集：['elliptic'] (全局种子=2026)
2026-03-09 08:44:42 - root - INFO - 
======================================================================
🚀 开始训练数据集：elliptic (种子=2026)
======================================================================
2026-03-09 08:44:42 - root - INFO - ✅ 随机种子已设置为：2026
2026-03-09 08:44:42 - root - INFO - ✅ 加载数据集 elliptic 配置完成，核心参数：p_bias=10, len_penalty_coeff=0.99
2026-03-09 08:45:00 - nn.expander - INFO - Train | Batch Size: 40 | Avg Precision: 0.5515 | Avg Recall: 0.3127
2026-03-09 08:45:00 - nn.expander - INFO - Train | Batch Loss: -38.7362
2026-03-09 08:45:00 - nn.expander - INFO - Train | Grad Norm: 31.8826

2026-03-09 08:45:01 - nn.expander - INFO - Train | Batch Size: 40 | Avg Precision: 0.5072 | Avg Recall: 0.3952
2026-03-09 08:45:01 - nn.expander - INFO - Train | Batch Loss: -58.3172
2026-03-09 08:45:01 - nn.expander - INFO - Train | Grad Norm: 27.2831

2026-03-09 08:45:02 - nn.expander - INFO - Train | Batch Size: 40 | Avg Precision: 0.4658 | Avg Recall: 0.3741
2026-03-09 08:45:02 - nn.expander - INFO - Train | Batch Loss: -72.0408
2026-03-09 08:45:02 - nn.expander - INFO - Train | Grad Norm: 47.6716

2026-03-09 08:45:03 - nn.expander - INFO - Train | Batch Size: 40 | Avg Precision: 0.5504 | Avg Recall: 0.4683
2026-03-09 08:45:03 - nn.expander - INFO - Train | Batch Loss: 0.1366
2026-03-09 08:45:03 - nn.expander - INFO - Train | Grad Norm: 17.0943

2026-03-09 08:45:04 - nn.expander - INFO - Train | Batch Size: 40 | Avg Precision: 0.5365 | Avg Recall: 0.4719
2026-03-09 08:45:04 - nn.expander - INFO - Train | Batch Loss: -24.5445
2026-03-09 08:45:04 - nn.expander - INFO - Train | Grad Norm: 21.3492

2026-03-09 08:45:05 - nn.expander - INFO - Train | Batch Size: 40 | Avg Precision: 0.4775 | Avg Recall: 0.3963
2026-03-09 08:45:05 - nn.expander - INFO - Train | Batch Loss: -32.9015
2026-03-09 08:45:05 - nn.expander - INFO - Train | Grad Norm: 28.3490

2026-03-09 08:45:05 - nn.expander - INFO - Train | Batch Size: 40 | Avg Precision: 0.4999 | Avg Recall: 0.3986
2026-03-09 08:45:05 - nn.expander - INFO - Train | Batch Loss: -35.7121
2026-03-09 08:45:06 - nn.expander - INFO - Train | Grad Norm: 10.1347

2026-03-09 08:45:06 - nn.expander - INFO - Train | Batch Size: 40 | Avg Precision: 0.5096 | Avg Recall: 0.3895
2026-03-09 08:45:06 - nn.expander - INFO - Train | Batch Loss: -34.4276
2026-03-09 08:45:06 - nn.expander - INFO - Train | Grad Norm: 33.6950

2026-03-09 08:45:07 - nn.expander - INFO - Train | Batch Size: 40 | Avg Precision: 0.5478 | Avg Recall: 0.3432
2026-03-09 08:45:07 - nn.expander - INFO - Train | Batch Loss: -21.7325
2026-03-09 08:45:07 - nn.expander - INFO - Train | Grad Norm: 12.2218

2026-03-09 08:45:08 - nn.expander - INFO - Train | Batch Size: 40 | Avg Precision: 0.5833 | Avg Recall: 0.2953
2026-03-09 08:45:08 - nn.expander - INFO - Train | Batch Loss: -27.5127
2026-03-09 08:45:08 - nn.expander - INFO - Train | Grad Norm: 14.1425

2026-03-09 08:45:09 - nn.expander - INFO - Train | Batch Size: 40 | Avg Precision: 0.3694 | Avg Recall: 0.4643
2026-03-09 08:45:09 - nn.expander - INFO - Train | Batch Loss: -59.5771
2026-03-09 08:45:09 - nn.expander - INFO - Train | Grad Norm: 18.6033

2026-03-09 08:45:10 - nn.expander - INFO - Train | Batch Size: 40 | Avg Precision: 0.6136 | Avg Recall: 0.3037
2026-03-09 08:45:10 - nn.expander - INFO - Train | Batch Loss: -32.7699
2026-03-09 08:45:10 - nn.expander - INFO - Train | Grad Norm: 12.5236

2026-03-09 08:45:10 - nn.expander - INFO - Train | Batch Size: 40 | Avg Precision: 0.6251 | Avg Recall: 0.3958
2026-03-09 08:45:10 - nn.expander - INFO - Train | Batch Loss: -24.0045
2026-03-09 08:45:10 - nn.expander - INFO - Train | Grad Norm: 20.7668

2026-03-09 08:45:11 - nn.expander - INFO - Train | Batch Size: 40 | Avg Precision: 0.5885 | Avg Recall: 0.3976
2026-03-09 08:45:11 - nn.expander - INFO - Train | Batch Loss: -25.4693
2026-03-09 08:45:11 - nn.expander - INFO - Train | Grad Norm: 13.9067

2026-03-09 08:45:12 - nn.expander - INFO - Train | Batch Size: 40 | Avg Precision: 0.5982 | Avg Recall: 0.3003
2026-03-09 08:45:12 - nn.expander - INFO - Train | Batch Loss: -29.3116
2026-03-09 08:45:12 - nn.expander - INFO - Train | Grad Norm: 11.7189

2026-03-09 08:45:12 - nn.expander - INFO - Train | Batch Size: 40 | Avg Precision: 0.6201 | Avg Recall: 0.3249
2026-03-09 08:45:12 - nn.expander - INFO - Train | Batch Loss: -34.1515
2026-03-09 08:45:12 - nn.expander - INFO - Train | Grad Norm: 25.7825

2026-03-09 08:45:13 - nn.expander - INFO - Train | Batch Size: 40 | Avg Precision: 0.5562 | Avg Recall: 0.4571
2026-03-09 08:45:13 - nn.expander - INFO - Train | Batch Loss: -27.6697
2026-03-09 08:45:13 - nn.expander - INFO - Train | Grad Norm: 17.7740

2026-03-09 08:45:14 - nn.expander - INFO - Train | Batch Size: 40 | Avg Precision: 0.6250 | Avg Recall: 0.3607
2026-03-09 08:45:14 - nn.expander - INFO - Train | Batch Loss: -25.7243
2026-03-09 08:45:14 - nn.expander - INFO - Train | Grad Norm: 11.2926

2026-03-09 08:45:14 - nn.expander - INFO - Train | Batch Size: 40 | Avg Precision: 0.6500 | Avg Recall: 0.2969
2026-03-09 08:45:14 - nn.expander - INFO - Train | Batch Loss: 4.1829
2026-03-09 08:45:14 - nn.expander - INFO - Train | Grad Norm: 12.1074

2026-03-09 08:45:15 - nn.expander - INFO - Train | Batch Size: 40 | Avg Precision: 0.5738 | Avg Recall: 0.3932
2026-03-09 08:45:15 - nn.expander - INFO - Train | Batch Loss: -36.5346
2026-03-09 08:45:15 - nn.expander - INFO - Train | Grad Norm: 10.1602

2026-03-09 08:45:15 - nn.expander - INFO - Train | Batch Size: 40 | Avg Precision: 0.6111 | Avg Recall: 0.3063
2026-03-09 08:45:15 - nn.expander - INFO - Train | Batch Loss: -13.1943
2026-03-09 08:45:16 - nn.expander - INFO - Train | Grad Norm: 11.0182

2026-03-09 08:45:16 - nn.expander - INFO - Train | Batch Size: 40 | Avg Precision: 0.6358 | Avg Recall: 0.4065
2026-03-09 08:45:16 - nn.expander - INFO - Train | Batch Loss: -37.0898
2026-03-09 08:45:16 - nn.expander - INFO - Train | Grad Norm: 12.8480

2026-03-09 08:45:17 - nn.expander - INFO - Train | Batch Size: 40 | Avg Precision: 0.5738 | Avg Recall: 0.4368
2026-03-09 08:45:17 - nn.expander - INFO - Train | Batch Loss: -47.2063
2026-03-09 08:45:17 - nn.expander - INFO - Train | Grad Norm: 14.5747

2026-03-09 08:45:17 - nn.expander - INFO - Train | Batch Size: 40 | Avg Precision: 0.6570 | Avg Recall: 0.3948
2026-03-09 08:45:17 - nn.expander - INFO - Train | Batch Loss: -21.1126
2026-03-09 08:45:17 - nn.expander - INFO - Train | Grad Norm: 12.4486

2026-03-09 08:45:18 - nn.expander - INFO - Train | Batch Size: 40 | Avg Precision: 0.7126 | Avg Recall: 0.3426
2026-03-09 08:45:18 - nn.expander - INFO - Train | Batch Loss: -12.5178
2026-03-09 08:45:18 - nn.expander - INFO - Train | Grad Norm: 4.2484

2026-03-09 08:45:18 - nn.expander - INFO - Train | Batch Size: 40 | Avg Precision: 0.7185 | Avg Recall: 0.3801
2026-03-09 08:45:18 - nn.expander - INFO - Train | Batch Loss: -18.7747
2026-03-09 08:45:18 - nn.expander - INFO - Train | Grad Norm: 12.3234

2026-03-09 08:45:19 - nn.expander - INFO - Train | Batch Size: 40 | Avg Precision: 0.6446 | Avg Recall: 0.3705
2026-03-09 08:45:19 - nn.expander - INFO - Train | Batch Loss: -9.4138
2026-03-09 08:45:19 - nn.expander - INFO - Train | Grad Norm: 9.4064

2026-03-09 08:45:19 - nn.expander - INFO - Train | Batch Size: 40 | Avg Precision: 0.6241 | Avg Recall: 0.4559
2026-03-09 08:45:19 - nn.expander - INFO - Train | Batch Loss: -8.5148
2026-03-09 08:45:19 - nn.expander - INFO - Train | Grad Norm: 9.3784

2026-03-09 08:45:20 - nn.expander - INFO - Train | Batch Size: 40 | Avg Precision: 0.6750 | Avg Recall: 0.4172
2026-03-09 08:45:20 - nn.expander - INFO - Train | Batch Loss: -7.5135
2026-03-09 08:45:20 - nn.expander - INFO - Train | Grad Norm: 11.0398

2026-03-09 08:45:20 - nn.expander - INFO - Train | Batch Size: 40 | Avg Precision: 0.6818 | Avg Recall: 0.3620
2026-03-09 08:45:20 - nn.expander - INFO - Train | Batch Loss: -20.7724
2026-03-09 08:45:20 - nn.expander - INFO - Train | Grad Norm: 5.9142

2026-03-09 08:45:24 - root - INFO - ✅ 数据集 elliptic 训练完成！最终测试集F1：0.4803
2026-03-09 08:45:24 - root - INFO - 
======================================================================
📊 所有数据集训练结果汇总
======================================================================
2026-03-09 08:45:24 - root - INFO - 数据集        | P      | R      | F1    
2026-03-09 08:45:24 - root - INFO - ----------------------------------------------------------------------
2026-03-09 08:45:24 - root - INFO - elliptic   | 0.6719 | 0.5638 | 0.4803
2026-03-09 08:45:24 - root - INFO - ✅ 所有数据集训练流程执行完毕！
2026-03-09 08:46:02 - root - INFO - ✅ 工作目录已设置为：/home/u2023312299/sci
2026-03-09 08:46:02 - root - INFO - 🔄 项目启动，开始执行数据集训练流程
2026-03-09 08:46:02 - root - INFO - 
📋 开始批量训练数据集：['elliptic'] (全局种子=2026)
2026-03-09 08:46:02 - root - INFO - 
======================================================================
🚀 开始训练数据集：elliptic (种子=2026)
======================================================================
2026-03-09 08:46:02 - root - INFO - ✅ 随机种子已设置为：2026
2026-03-09 08:46:02 - root - INFO - ✅ 加载数据集 elliptic 配置完成，核心参数：p_bias=10, len_penalty_coeff=0.99
2026-03-09 08:46:20 - nn.expander - INFO - Train | Batch Size: 40 | Avg Precision: 0.5515 | Avg Recall: 0.3127
2026-03-09 08:46:20 - nn.expander - INFO - Train | Batch Loss: -41.8265
2026-03-09 08:46:20 - nn.expander - INFO - Train | Grad Norm: 33.4394

2026-03-09 08:46:21 - nn.expander - INFO - Train | Batch Size: 40 | Avg Precision: 0.5072 | Avg Recall: 0.3952
2026-03-09 08:46:21 - nn.expander - INFO - Train | Batch Loss: -62.6819
2026-03-09 08:46:21 - nn.expander - INFO - Train | Grad Norm: 29.3990

2026-03-09 08:46:22 - nn.expander - INFO - Train | Batch Size: 40 | Avg Precision: 0.4658 | Avg Recall: 0.3741
2026-03-09 08:46:22 - nn.expander - INFO - Train | Batch Loss: -76.3430
2026-03-09 08:46:23 - nn.expander - INFO - Train | Grad Norm: 49.9799

2026-03-09 08:46:23 - nn.expander - INFO - Train | Batch Size: 40 | Avg Precision: 0.5504 | Avg Recall: 0.4683
2026-03-09 08:46:23 - nn.expander - INFO - Train | Batch Loss: -1.6304
2026-03-09 08:46:23 - nn.expander - INFO - Train | Grad Norm: 16.8925

2026-03-09 08:46:24 - nn.expander - INFO - Train | Batch Size: 40 | Avg Precision: 0.5353 | Avg Recall: 0.4683
2026-03-09 08:46:24 - nn.expander - INFO - Train | Batch Loss: -31.4974
2026-03-09 08:46:24 - nn.expander - INFO - Train | Grad Norm: 21.4518

2026-03-09 08:46:25 - nn.expander - INFO - Train | Batch Size: 40 | Avg Precision: 0.4797 | Avg Recall: 0.3963
2026-03-09 08:46:25 - nn.expander - INFO - Train | Batch Loss: -35.2773
2026-03-09 08:46:25 - nn.expander - INFO - Train | Grad Norm: 30.1486

2026-03-09 08:46:25 - nn.expander - INFO - Train | Batch Size: 40 | Avg Precision: 0.5002 | Avg Recall: 0.3986
2026-03-09 08:46:25 - nn.expander - INFO - Train | Batch Loss: -37.0407
2026-03-09 08:46:26 - nn.expander - INFO - Train | Grad Norm: 10.4534

2026-03-09 08:46:26 - nn.expander - INFO - Train | Batch Size: 40 | Avg Precision: 0.5096 | Avg Recall: 0.3895
2026-03-09 08:46:26 - nn.expander - INFO - Train | Batch Loss: -40.0668
2026-03-09 08:46:27 - nn.expander - INFO - Train | Grad Norm: 35.8141

2026-03-09 08:46:27 - nn.expander - INFO - Train | Batch Size: 40 | Avg Precision: 0.5591 | Avg Recall: 0.3432
2026-03-09 08:46:27 - nn.expander - INFO - Train | Batch Loss: -19.4545
2026-03-09 08:46:27 - nn.expander - INFO - Train | Grad Norm: 12.0865

2026-03-09 08:46:28 - nn.expander - INFO - Train | Batch Size: 40 | Avg Precision: 0.5805 | Avg Recall: 0.2953
2026-03-09 08:46:28 - nn.expander - INFO - Train | Batch Loss: -29.2116
2026-03-09 08:46:28 - nn.expander - INFO - Train | Grad Norm: 13.5157

2026-03-09 08:46:29 - nn.expander - INFO - Train | Batch Size: 40 | Avg Precision: 0.3703 | Avg Recall: 0.4643
2026-03-09 08:46:29 - nn.expander - INFO - Train | Batch Loss: -62.5569
2026-03-09 08:46:29 - nn.expander - INFO - Train | Grad Norm: 20.1150

2026-03-09 08:46:30 - nn.expander - INFO - Train | Batch Size: 40 | Avg Precision: 0.6141 | Avg Recall: 0.3037
2026-03-09 08:46:30 - nn.expander - INFO - Train | Batch Loss: -33.6999
2026-03-09 08:46:30 - nn.expander - INFO - Train | Grad Norm: 13.0769

2026-03-09 08:46:30 - nn.expander - INFO - Train | Batch Size: 40 | Avg Precision: 0.6251 | Avg Recall: 0.3945
2026-03-09 08:46:30 - nn.expander - INFO - Train | Batch Loss: -26.3981
2026-03-09 08:46:30 - nn.expander - INFO - Train | Grad Norm: 22.5551

2026-03-09 08:46:31 - nn.expander - INFO - Train | Batch Size: 40 | Avg Precision: 0.6144 | Avg Recall: 0.3813
2026-03-09 08:46:31 - nn.expander - INFO - Train | Batch Loss: -22.8750
2026-03-09 08:46:31 - nn.expander - INFO - Train | Grad Norm: 11.0976

2026-03-09 08:46:32 - nn.expander - INFO - Train | Batch Size: 40 | Avg Precision: 0.5813 | Avg Recall: 0.2909
2026-03-09 08:46:32 - nn.expander - INFO - Train | Batch Loss: -41.3574
2026-03-09 08:46:32 - nn.expander - INFO - Train | Grad Norm: 13.2801

2026-03-09 08:46:32 - nn.expander - INFO - Train | Batch Size: 40 | Avg Precision: 0.6187 | Avg Recall: 0.3149
2026-03-09 08:46:32 - nn.expander - INFO - Train | Batch Loss: -39.2799
2026-03-09 08:46:32 - nn.expander - INFO - Train | Grad Norm: 28.7521

2026-03-09 08:46:33 - nn.expander - INFO - Train | Batch Size: 40 | Avg Precision: 0.5605 | Avg Recall: 0.4419
2026-03-09 08:46:33 - nn.expander - INFO - Train | Batch Loss: -36.7116
2026-03-09 08:46:33 - nn.expander - INFO - Train | Grad Norm: 18.4345

2026-03-09 08:46:34 - nn.expander - INFO - Train | Batch Size: 40 | Avg Precision: 0.6475 | Avg Recall: 0.3607
2026-03-09 08:46:34 - nn.expander - INFO - Train | Batch Loss: -19.2528
2026-03-09 08:46:34 - nn.expander - INFO - Train | Grad Norm: 12.8275

2026-03-09 08:46:34 - nn.expander - INFO - Train | Batch Size: 40 | Avg Precision: 0.6496 | Avg Recall: 0.2969
2026-03-09 08:46:34 - nn.expander - INFO - Train | Batch Loss: 2.9510
2026-03-09 08:46:34 - nn.expander - INFO - Train | Grad Norm: 12.0882

2026-03-09 08:46:35 - nn.expander - INFO - Train | Batch Size: 40 | Avg Precision: 0.5709 | Avg Recall: 0.3832
2026-03-09 08:46:35 - nn.expander - INFO - Train | Batch Loss: -42.9523
2026-03-09 08:46:35 - nn.expander - INFO - Train | Grad Norm: 11.3627

2026-03-09 08:46:35 - nn.expander - INFO - Train | Batch Size: 40 | Avg Precision: 0.6011 | Avg Recall: 0.3151
2026-03-09 08:46:35 - nn.expander - INFO - Train | Batch Loss: -14.1923
2026-03-09 08:46:36 - nn.expander - INFO - Train | Grad Norm: 11.5459

2026-03-09 08:46:36 - nn.expander - INFO - Train | Batch Size: 40 | Avg Precision: 0.6379 | Avg Recall: 0.4039
2026-03-09 08:46:36 - nn.expander - INFO - Train | Batch Loss: -30.8382
2026-03-09 08:46:36 - nn.expander - INFO - Train | Grad Norm: 13.0256

2026-03-09 08:46:37 - nn.expander - INFO - Train | Batch Size: 40 | Avg Precision: 0.6028 | Avg Recall: 0.4514
2026-03-09 08:46:37 - nn.expander - INFO - Train | Batch Loss: -35.9953
2026-03-09 08:46:37 - nn.expander - INFO - Train | Grad Norm: 14.5600

2026-03-09 08:46:37 - nn.expander - INFO - Train | Batch Size: 40 | Avg Precision: 0.6545 | Avg Recall: 0.3942
2026-03-09 08:46:37 - nn.expander - INFO - Train | Batch Loss: -22.5415
2026-03-09 08:46:37 - nn.expander - INFO - Train | Grad Norm: 12.6094

2026-03-09 08:46:38 - nn.expander - INFO - Train | Batch Size: 40 | Avg Precision: 0.7177 | Avg Recall: 0.3114
2026-03-09 08:46:38 - nn.expander - INFO - Train | Batch Loss: -7.7214
2026-03-09 08:46:38 - nn.expander - INFO - Train | Grad Norm: 2.7780

2026-03-09 08:46:38 - nn.expander - INFO - Train | Batch Size: 40 | Avg Precision: 0.7327 | Avg Recall: 0.3819
2026-03-09 08:46:38 - nn.expander - INFO - Train | Batch Loss: -10.3297
2026-03-09 08:46:38 - nn.expander - INFO - Train | Grad Norm: 12.0308

2026-03-09 08:46:38 - nn.expander - INFO - Train | Batch Size: 40 | Avg Precision: 0.6525 | Avg Recall: 0.3634
2026-03-09 08:46:38 - nn.expander - INFO - Train | Batch Loss: -9.9002
2026-03-09 08:46:39 - nn.expander - INFO - Train | Grad Norm: 8.9711

2026-03-09 08:46:39 - nn.expander - INFO - Train | Batch Size: 40 | Avg Precision: 0.6435 | Avg Recall: 0.4595
2026-03-09 08:46:39 - nn.expander - INFO - Train | Batch Loss: -7.0399
2026-03-09 08:46:39 - nn.expander - INFO - Train | Grad Norm: 9.3492

2026-03-09 08:46:39 - nn.expander - INFO - Train | Batch Size: 40 | Avg Precision: 0.6852 | Avg Recall: 0.4144
2026-03-09 08:46:39 - nn.expander - INFO - Train | Batch Loss: -20.5233
2026-03-09 08:46:40 - nn.expander - INFO - Train | Grad Norm: 11.0300

2026-03-09 08:46:40 - nn.expander - INFO - Train | Batch Size: 40 | Avg Precision: 0.7006 | Avg Recall: 0.3570
2026-03-09 08:46:40 - nn.expander - INFO - Train | Batch Loss: -25.7873
2026-03-09 08:46:40 - nn.expander - INFO - Train | Grad Norm: 7.4437

2026-03-09 08:46:44 - root - INFO - ✅ 数据集 elliptic 训练完成！最终测试集F1：0.4700
2026-03-09 08:46:44 - root - INFO - 
======================================================================
📊 所有数据集训练结果汇总
======================================================================
2026-03-09 08:46:44 - root - INFO - 数据集        | P      | R      | F1    
2026-03-09 08:46:44 - root - INFO - ----------------------------------------------------------------------
2026-03-09 08:46:44 - root - INFO - elliptic   | 0.6662 | 0.5657 | 0.4700
2026-03-09 08:46:44 - root - INFO - ✅ 所有数据集训练流程执行完毕！
2026-03-09 08:47:14 - root - INFO - ✅ 工作目录已设置为：/home/u2023312299/sci
2026-03-09 08:47:14 - root - INFO - 🔄 项目启动，开始执行数据集训练流程
2026-03-09 08:47:14 - root - INFO - 
📋 开始批量训练数据集：['elliptic'] (全局种子=2026)
2026-03-09 08:47:14 - root - INFO - 
======================================================================
🚀 开始训练数据集：elliptic (种子=2026)
======================================================================
2026-03-09 08:47:14 - root - INFO - ✅ 随机种子已设置为：2026
2026-03-09 08:47:14 - root - INFO - ✅ 加载数据集 elliptic 配置完成，核心参数：p_bias=10, len_penalty_coeff=0.99
2026-03-09 08:47:32 - nn.expander - INFO - Train | Batch Size: 40 | Avg Precision: 0.5515 | Avg Recall: 0.3127
2026-03-09 08:47:32 - nn.expander - INFO - Train | Batch Loss: -41.8265
2026-03-09 08:47:32 - nn.expander - INFO - Train | Grad Norm: 33.4394

2026-03-09 08:47:33 - nn.expander - INFO - Train | Batch Size: 40 | Avg Precision: 0.5072 | Avg Recall: 0.3952
2026-03-09 08:47:33 - nn.expander - INFO - Train | Batch Loss: -62.6819
2026-03-09 08:47:33 - nn.expander - INFO - Train | Grad Norm: 29.3990

2026-03-09 08:47:34 - nn.expander - INFO - Train | Batch Size: 40 | Avg Precision: 0.4658 | Avg Recall: 0.3741
2026-03-09 08:47:34 - nn.expander - INFO - Train | Batch Loss: -76.3430
2026-03-09 08:47:34 - nn.expander - INFO - Train | Grad Norm: 49.9799

2026-03-09 08:47:35 - nn.expander - INFO - Train | Batch Size: 40 | Avg Precision: 0.5504 | Avg Recall: 0.4683
2026-03-09 08:47:35 - nn.expander - INFO - Train | Batch Loss: -1.6304
2026-03-09 08:47:35 - nn.expander - INFO - Train | Grad Norm: 16.8925

2026-03-09 08:47:36 - nn.expander - INFO - Train | Batch Size: 40 | Avg Precision: 0.5353 | Avg Recall: 0.4683
2026-03-09 08:47:36 - nn.expander - INFO - Train | Batch Loss: -31.4974
2026-03-09 08:47:36 - nn.expander - INFO - Train | Grad Norm: 21.4518

2026-03-09 08:47:36 - nn.expander - INFO - Train | Batch Size: 40 | Avg Precision: 0.4797 | Avg Recall: 0.3963
2026-03-09 08:47:36 - nn.expander - INFO - Train | Batch Loss: -35.2773
2026-03-09 08:47:37 - nn.expander - INFO - Train | Grad Norm: 30.1486

2026-03-09 08:47:37 - nn.expander - INFO - Train | Batch Size: 40 | Avg Precision: 0.5002 | Avg Recall: 0.3986
2026-03-09 08:47:37 - nn.expander - INFO - Train | Batch Loss: -37.0407
2026-03-09 08:47:37 - nn.expander - INFO - Train | Grad Norm: 10.4534

2026-03-09 08:47:38 - nn.expander - INFO - Train | Batch Size: 40 | Avg Precision: 0.5096 | Avg Recall: 0.3895
2026-03-09 08:47:38 - nn.expander - INFO - Train | Batch Loss: -40.0668
2026-03-09 08:47:38 - nn.expander - INFO - Train | Grad Norm: 35.8141

2026-03-09 08:47:39 - nn.expander - INFO - Train | Batch Size: 40 | Avg Precision: 0.5591 | Avg Recall: 0.3432
2026-03-09 08:47:39 - nn.expander - INFO - Train | Batch Loss: -19.4545
2026-03-09 08:47:39 - nn.expander - INFO - Train | Grad Norm: 12.0865

2026-03-09 08:47:40 - nn.expander - INFO - Train | Batch Size: 40 | Avg Precision: 0.5805 | Avg Recall: 0.2953
2026-03-09 08:47:40 - nn.expander - INFO - Train | Batch Loss: -29.2116
2026-03-09 08:47:40 - nn.expander - INFO - Train | Grad Norm: 13.5157

2026-03-09 08:47:41 - nn.expander - INFO - Train | Batch Size: 40 | Avg Precision: 0.3703 | Avg Recall: 0.4643
2026-03-09 08:47:41 - nn.expander - INFO - Train | Batch Loss: -62.5569
2026-03-09 08:47:41 - nn.expander - INFO - Train | Grad Norm: 20.1150

2026-03-09 08:47:41 - nn.expander - INFO - Train | Batch Size: 40 | Avg Precision: 0.6141 | Avg Recall: 0.3037
2026-03-09 08:47:41 - nn.expander - INFO - Train | Batch Loss: -33.6999
2026-03-09 08:47:42 - nn.expander - INFO - Train | Grad Norm: 13.0769

2026-03-09 08:47:42 - nn.expander - INFO - Train | Batch Size: 40 | Avg Precision: 0.6251 | Avg Recall: 0.3945
2026-03-09 08:47:42 - nn.expander - INFO - Train | Batch Loss: -26.3981
2026-03-09 08:47:42 - nn.expander - INFO - Train | Grad Norm: 22.5551

2026-03-09 08:47:43 - nn.expander - INFO - Train | Batch Size: 40 | Avg Precision: 0.6144 | Avg Recall: 0.3813
2026-03-09 08:47:43 - nn.expander - INFO - Train | Batch Loss: -22.8750
2026-03-09 08:47:43 - nn.expander - INFO - Train | Grad Norm: 11.0976

2026-03-09 08:47:44 - nn.expander - INFO - Train | Batch Size: 40 | Avg Precision: 0.5813 | Avg Recall: 0.2909
2026-03-09 08:47:44 - nn.expander - INFO - Train | Batch Loss: -41.3574
2026-03-09 08:47:44 - nn.expander - INFO - Train | Grad Norm: 13.2801

2026-03-09 08:47:44 - nn.expander - INFO - Train | Batch Size: 40 | Avg Precision: 0.6187 | Avg Recall: 0.3149
2026-03-09 08:47:44 - nn.expander - INFO - Train | Batch Loss: -39.2799
2026-03-09 08:47:45 - nn.expander - INFO - Train | Grad Norm: 28.7521

2026-03-09 08:47:45 - nn.expander - INFO - Train | Batch Size: 40 | Avg Precision: 0.5605 | Avg Recall: 0.4419
2026-03-09 08:47:45 - nn.expander - INFO - Train | Batch Loss: -36.7116
2026-03-09 08:47:45 - nn.expander - INFO - Train | Grad Norm: 18.4345

2026-03-09 08:47:46 - nn.expander - INFO - Train | Batch Size: 40 | Avg Precision: 0.6475 | Avg Recall: 0.3607
2026-03-09 08:47:46 - nn.expander - INFO - Train | Batch Loss: -19.2528
2026-03-09 08:47:46 - nn.expander - INFO - Train | Grad Norm: 12.8275

2026-03-09 08:47:46 - nn.expander - INFO - Train | Batch Size: 40 | Avg Precision: 0.6496 | Avg Recall: 0.2969
2026-03-09 08:47:46 - nn.expander - INFO - Train | Batch Loss: 2.9510
2026-03-09 08:47:47 - nn.expander - INFO - Train | Grad Norm: 12.0882

2026-03-09 08:47:47 - nn.expander - INFO - Train | Batch Size: 40 | Avg Precision: 0.5709 | Avg Recall: 0.3832
2026-03-09 08:47:47 - nn.expander - INFO - Train | Batch Loss: -42.9523
2026-03-09 08:47:47 - nn.expander - INFO - Train | Grad Norm: 11.3627

2026-03-09 08:47:48 - nn.expander - INFO - Train | Batch Size: 40 | Avg Precision: 0.6011 | Avg Recall: 0.3151
2026-03-09 08:47:48 - nn.expander - INFO - Train | Batch Loss: -14.1923
2026-03-09 08:47:48 - nn.expander - INFO - Train | Grad Norm: 11.5459

2026-03-09 08:47:48 - nn.expander - INFO - Train | Batch Size: 40 | Avg Precision: 0.6379 | Avg Recall: 0.4039
2026-03-09 08:47:48 - nn.expander - INFO - Train | Batch Loss: -30.8382
2026-03-09 08:47:49 - nn.expander - INFO - Train | Grad Norm: 13.0256

2026-03-09 08:47:49 - nn.expander - INFO - Train | Batch Size: 40 | Avg Precision: 0.6028 | Avg Recall: 0.4514
2026-03-09 08:47:49 - nn.expander - INFO - Train | Batch Loss: -35.9953
2026-03-09 08:47:49 - nn.expander - INFO - Train | Grad Norm: 14.5600

2026-03-09 08:47:49 - nn.expander - INFO - Train | Batch Size: 40 | Avg Precision: 0.6545 | Avg Recall: 0.3942
2026-03-09 08:47:49 - nn.expander - INFO - Train | Batch Loss: -22.5415
2026-03-09 08:47:50 - nn.expander - INFO - Train | Grad Norm: 12.6094

2026-03-09 08:47:50 - nn.expander - INFO - Train | Batch Size: 40 | Avg Precision: 0.7177 | Avg Recall: 0.3114
2026-03-09 08:47:50 - nn.expander - INFO - Train | Batch Loss: -7.7214
2026-03-09 08:47:50 - nn.expander - INFO - Train | Grad Norm: 2.7780

2026-03-09 08:47:50 - nn.expander - INFO - Train | Batch Size: 40 | Avg Precision: 0.7327 | Avg Recall: 0.3819
2026-03-09 08:47:50 - nn.expander - INFO - Train | Batch Loss: -10.3297
2026-03-09 08:47:50 - nn.expander - INFO - Train | Grad Norm: 12.0308

2026-03-09 08:47:51 - nn.expander - INFO - Train | Batch Size: 40 | Avg Precision: 0.6525 | Avg Recall: 0.3634
2026-03-09 08:47:51 - nn.expander - INFO - Train | Batch Loss: -9.9002
2026-03-09 08:47:51 - nn.expander - INFO - Train | Grad Norm: 8.9711

2026-03-09 08:47:51 - nn.expander - INFO - Train | Batch Size: 40 | Avg Precision: 0.6435 | Avg Recall: 0.4595
2026-03-09 08:47:51 - nn.expander - INFO - Train | Batch Loss: -7.0399
2026-03-09 08:47:51 - nn.expander - INFO - Train | Grad Norm: 9.3492

2026-03-09 08:47:52 - nn.expander - INFO - Train | Batch Size: 40 | Avg Precision: 0.6852 | Avg Recall: 0.4144
2026-03-09 08:47:52 - nn.expander - INFO - Train | Batch Loss: -20.5233
2026-03-09 08:47:52 - nn.expander - INFO - Train | Grad Norm: 11.0300

2026-03-09 08:47:52 - nn.expander - INFO - Train | Batch Size: 40 | Avg Precision: 0.7006 | Avg Recall: 0.3570
2026-03-09 08:47:52 - nn.expander - INFO - Train | Batch Loss: -25.7873
2026-03-09 08:47:52 - nn.expander - INFO - Train | Grad Norm: 7.4437

2026-03-09 08:47:52 - nn.expander - INFO - Train | Batch Size: 40 | Avg Precision: 0.6441 | Avg Recall: 0.3591
2026-03-09 08:47:52 - nn.expander - INFO - Train | Batch Loss: -31.1635
2026-03-09 08:47:53 - nn.expander - INFO - Train | Grad Norm: 11.4719

2026-03-09 08:47:53 - nn.expander - INFO - Train | Batch Size: 40 | Avg Precision: 0.7640 | Avg Recall: 0.3463
2026-03-09 08:47:53 - nn.expander - INFO - Train | Batch Loss: -21.6382
2026-03-09 08:47:53 - nn.expander - INFO - Train | Grad Norm: 28.3503

2026-03-09 08:47:53 - nn.expander - INFO - Train | Batch Size: 40 | Avg Precision: 0.7126 | Avg Recall: 0.2884
2026-03-09 08:47:53 - nn.expander - INFO - Train | Batch Loss: 9.9162
2026-03-09 08:47:54 - nn.expander - INFO - Train | Grad Norm: 12.9855

2026-03-09 08:47:54 - nn.expander - INFO - Train | Batch Size: 40 | Avg Precision: 0.6802 | Avg Recall: 0.3843
2026-03-09 08:47:54 - nn.expander - INFO - Train | Batch Loss: -15.9785
2026-03-09 08:47:54 - nn.expander - INFO - Train | Grad Norm: 12.5770

2026-03-09 08:47:54 - nn.expander - INFO - Train | Batch Size: 40 | Avg Precision: 0.7369 | Avg Recall: 0.4016
2026-03-09 08:47:54 - nn.expander - INFO - Train | Batch Loss: -4.1615
2026-03-09 08:47:55 - nn.expander - INFO - Train | Grad Norm: 18.8402

2026-03-09 08:47:55 - nn.expander - INFO - Train | Batch Size: 40 | Avg Precision: 0.8070 | Avg Recall: 0.2565
2026-03-09 08:47:55 - nn.expander - INFO - Train | Batch Loss: -10.9762
2026-03-09 08:47:55 - nn.expander - INFO - Train | Grad Norm: 7.6696

2026-03-09 08:47:55 - nn.expander - INFO - Train | Batch Size: 40 | Avg Precision: 0.6191 | Avg Recall: 0.3909
2026-03-09 08:47:55 - nn.expander - INFO - Train | Batch Loss: -23.3531
2026-03-09 08:47:55 - nn.expander - INFO - Train | Grad Norm: 9.0062

2026-03-09 08:47:56 - nn.expander - INFO - Train | Batch Size: 40 | Avg Precision: 0.6802 | Avg Recall: 0.3246
2026-03-09 08:47:56 - nn.expander - INFO - Train | Batch Loss: -24.9687
2026-03-09 08:47:56 - nn.expander - INFO - Train | Grad Norm: 7.3295

2026-03-09 08:47:56 - nn.expander - INFO - Train | Batch Size: 40 | Avg Precision: 0.7019 | Avg Recall: 0.3466
2026-03-09 08:47:56 - nn.expander - INFO - Train | Batch Loss: -0.0791
2026-03-09 08:47:56 - nn.expander - INFO - Train | Grad Norm: 14.8577

2026-03-09 08:47:56 - nn.expander - INFO - Train | Batch Size: 40 | Avg Precision: 0.6679 | Avg Recall: 0.3822
2026-03-09 08:47:56 - nn.expander - INFO - Train | Batch Loss: -14.2763
2026-03-09 08:47:57 - nn.expander - INFO - Train | Grad Norm: 16.3448

2026-03-09 08:48:00 - root - INFO - ✅ 数据集 elliptic 训练完成！最终测试集F1：0.4805
2026-03-09 08:48:00 - root - INFO - 
======================================================================
📊 所有数据集训练结果汇总
======================================================================
2026-03-09 08:48:00 - root - INFO - 数据集        | P      | R      | F1    
2026-03-09 08:48:00 - root - INFO - ----------------------------------------------------------------------
2026-03-09 08:48:00 - root - INFO - elliptic   | 0.6691 | 0.5892 | 0.4805
2026-03-09 08:48:00 - root - INFO - ✅ 所有数据集训练流程执行完毕！
2026-03-09 08:48:23 - root - INFO - ✅ 工作目录已设置为：/home/u2023312299/sci
2026-03-09 08:48:23 - root - INFO - 🔄 项目启动，开始执行数据集训练流程
2026-03-09 08:48:23 - root - INFO - 
📋 开始批量训练数据集：['elliptic'] (全局种子=2026)
2026-03-09 08:48:23 - root - INFO - 
======================================================================
🚀 开始训练数据集：elliptic (种子=2026)
======================================================================
2026-03-09 08:48:23 - root - INFO - ✅ 随机种子已设置为：2026
2026-03-09 08:48:23 - root - INFO - ✅ 加载数据集 elliptic 配置完成，核心参数：p_bias=10, len_penalty_coeff=0.99
2026-03-09 08:48:41 - nn.expander - INFO - Train | Batch Size: 40 | Avg Precision: 0.5515 | Avg Recall: 0.3127
2026-03-09 08:48:41 - nn.expander - INFO - Train | Batch Loss: -5.2389
2026-03-09 08:48:42 - nn.expander - INFO - Train | Grad Norm: 37.4773

2026-03-09 08:48:42 - nn.expander - INFO - Train | Batch Size: 40 | Avg Precision: 0.5180 | Avg Recall: 0.3909
2026-03-09 08:48:42 - nn.expander - INFO - Train | Batch Loss: -23.0710
2026-03-09 08:48:43 - nn.expander - INFO - Train | Grad Norm: 24.1986

2026-03-09 08:48:43 - nn.expander - INFO - Train | Batch Size: 40 | Avg Precision: 0.4204 | Avg Recall: 0.3981
2026-03-09 08:48:43 - nn.expander - INFO - Train | Batch Loss: 12.8103
2026-03-09 08:48:44 - nn.expander - INFO - Train | Grad Norm: 41.0406

2026-03-09 08:48:44 - nn.expander - INFO - Train | Batch Size: 40 | Avg Precision: 0.4302 | Avg Recall: 0.5031
2026-03-09 08:48:45 - nn.expander - INFO - Train | Batch Loss: 44.0566
2026-03-09 08:48:45 - nn.expander - INFO - Train | Grad Norm: 49.2069

2026-03-09 08:48:46 - nn.expander - INFO - Train | Batch Size: 40 | Avg Precision: 0.4392 | Avg Recall: 0.5238
2026-03-09 08:48:46 - nn.expander - INFO - Train | Batch Loss: 37.3294
2026-03-09 08:48:46 - nn.expander - INFO - Train | Grad Norm: 55.6930

2026-03-09 08:48:47 - nn.expander - INFO - Train | Batch Size: 40 | Avg Precision: 0.3995 | Avg Recall: 0.4122
2026-03-09 08:48:47 - nn.expander - INFO - Train | Batch Loss: 2.0630
2026-03-09 08:48:47 - nn.expander - INFO - Train | Grad Norm: 39.4801

2026-03-09 08:48:48 - nn.expander - INFO - Train | Batch Size: 40 | Avg Precision: 0.4135 | Avg Recall: 0.4238
2026-03-09 08:48:48 - nn.expander - INFO - Train | Batch Loss: -30.0218
2026-03-09 08:48:48 - nn.expander - INFO - Train | Grad Norm: 20.1212

2026-03-09 08:48:49 - nn.expander - INFO - Train | Batch Size: 40 | Avg Precision: 0.4403 | Avg Recall: 0.4202
2026-03-09 08:48:49 - nn.expander - INFO - Train | Batch Loss: 30.5892
2026-03-09 08:48:49 - nn.expander - INFO - Train | Grad Norm: 46.2179

2026-03-09 08:48:50 - nn.expander - INFO - Train | Batch Size: 40 | Avg Precision: 0.4284 | Avg Recall: 0.4001
2026-03-09 08:48:50 - nn.expander - INFO - Train | Batch Loss: 6.7429
2026-03-09 08:48:50 - nn.expander - INFO - Train | Grad Norm: 19.8783

2026-03-09 08:48:51 - nn.expander - INFO - Train | Batch Size: 40 | Avg Precision: 0.4413 | Avg Recall: 0.3743
2026-03-09 08:48:51 - nn.expander - INFO - Train | Batch Loss: 22.6557
2026-03-09 08:48:52 - nn.expander - INFO - Train | Grad Norm: 44.4559

2026-03-09 08:48:52 - nn.expander - INFO - Train | Batch Size: 40 | Avg Precision: 0.3140 | Avg Recall: 0.5046
2026-03-09 08:48:52 - nn.expander - INFO - Train | Batch Loss: -42.6122
2026-03-09 08:48:53 - nn.expander - INFO - Train | Grad Norm: 27.4206

2026-03-09 08:48:53 - nn.expander - INFO - Train | Batch Size: 40 | Avg Precision: 0.4545 | Avg Recall: 0.4415
2026-03-09 08:48:53 - nn.expander - INFO - Train | Batch Loss: 40.2363
2026-03-09 08:48:54 - nn.expander - INFO - Train | Grad Norm: 35.1336

2026-03-09 08:48:54 - nn.expander - INFO - Train | Batch Size: 40 | Avg Precision: 0.4396 | Avg Recall: 0.5163
2026-03-09 08:48:54 - nn.expander - INFO - Train | Batch Loss: -31.3623
2026-03-09 08:48:55 - nn.expander - INFO - Train | Grad Norm: 34.0350

2026-03-09 08:48:55 - nn.expander - INFO - Train | Batch Size: 40 | Avg Precision: 0.3704 | Avg Recall: 0.4730
2026-03-09 08:48:55 - nn.expander - INFO - Train | Batch Loss: -10.2712
2026-03-09 08:48:56 - nn.expander - INFO - Train | Grad Norm: 35.4926

2026-03-09 08:48:56 - nn.expander - INFO - Train | Batch Size: 40 | Avg Precision: 0.3635 | Avg Recall: 0.3847
2026-03-09 08:48:56 - nn.expander - INFO - Train | Batch Loss: -18.8878
2026-03-09 08:48:57 - nn.expander - INFO - Train | Grad Norm: 25.1419

2026-03-09 08:48:58 - nn.expander - INFO - Train | Batch Size: 40 | Avg Precision: 0.4265 | Avg Recall: 0.4411
2026-03-09 08:48:58 - nn.expander - INFO - Train | Batch Loss: -5.0077
2026-03-09 08:48:58 - nn.expander - INFO - Train | Grad Norm: 37.8964

2026-03-09 08:48:58 - nn.expander - INFO - Train | Batch Size: 40 | Avg Precision: 0.3611 | Avg Recall: 0.5055
2026-03-09 08:48:59 - nn.expander - INFO - Train | Batch Loss: -27.5514
2026-03-09 08:48:59 - nn.expander - INFO - Train | Grad Norm: 24.7878

2026-03-09 08:49:00 - nn.expander - INFO - Train | Batch Size: 40 | Avg Precision: 0.4125 | Avg Recall: 0.4239
2026-03-09 08:49:00 - nn.expander - INFO - Train | Batch Loss: -8.8566
2026-03-09 08:49:00 - nn.expander - INFO - Train | Grad Norm: 36.8983

2026-03-09 08:49:01 - nn.expander - INFO - Train | Batch Size: 40 | Avg Precision: 0.3941 | Avg Recall: 0.3529
2026-03-09 08:49:01 - nn.expander - INFO - Train | Batch Loss: 35.3514
2026-03-09 08:49:01 - nn.expander - INFO - Train | Grad Norm: 33.7287

2026-03-09 08:49:02 - nn.expander - INFO - Train | Batch Size: 40 | Avg Precision: 0.3717 | Avg Recall: 0.4956
2026-03-09 08:49:02 - nn.expander - INFO - Train | Batch Loss: -31.2319
2026-03-09 08:49:02 - nn.expander - INFO - Train | Grad Norm: 27.3253

2026-03-09 08:49:03 - nn.expander - INFO - Train | Batch Size: 40 | Avg Precision: 0.3563 | Avg Recall: 0.3924
2026-03-09 08:49:03 - nn.expander - INFO - Train | Batch Loss: -22.0461
2026-03-09 08:49:04 - nn.expander - INFO - Train | Grad Norm: 24.9724

2026-03-09 08:49:04 - nn.expander - INFO - Train | Batch Size: 40 | Avg Precision: 0.3619 | Avg Recall: 0.4695
2026-03-09 08:49:04 - nn.expander - INFO - Train | Batch Loss: -66.9818
2026-03-09 08:49:05 - nn.expander - INFO - Train | Grad Norm: 24.9823

2026-03-09 08:49:05 - nn.expander - INFO - Train | Batch Size: 40 | Avg Precision: 0.3907 | Avg Recall: 0.4652
2026-03-09 08:49:05 - nn.expander - INFO - Train | Batch Loss: 19.9639
2026-03-09 08:49:06 - nn.expander - INFO - Train | Grad Norm: 29.6750

2026-03-09 08:49:06 - nn.expander - INFO - Train | Batch Size: 40 | Avg Precision: 0.3497 | Avg Recall: 0.4501
2026-03-09 08:49:06 - nn.expander - INFO - Train | Batch Loss: 32.6317
2026-03-09 08:49:07 - nn.expander - INFO - Train | Grad Norm: 30.6347

2026-03-09 08:49:07 - nn.expander - INFO - Train | Batch Size: 40 | Avg Precision: 0.3430 | Avg Recall: 0.4429
2026-03-09 08:49:07 - nn.expander - INFO - Train | Batch Loss: -54.6350
2026-03-09 08:49:08 - nn.expander - INFO - Train | Grad Norm: 19.0576

2026-03-09 08:49:08 - nn.expander - INFO - Train | Batch Size: 40 | Avg Precision: 0.4266 | Avg Recall: 0.5110
2026-03-09 08:49:08 - nn.expander - INFO - Train | Batch Loss: -0.9103
2026-03-09 08:49:09 - nn.expander - INFO - Train | Grad Norm: 60.8868

2026-03-09 08:49:09 - nn.expander - INFO - Train | Batch Size: 40 | Avg Precision: 0.2789 | Avg Recall: 0.4786
2026-03-09 08:49:09 - nn.expander - INFO - Train | Batch Loss: -10.7762
2026-03-09 08:49:10 - nn.expander - INFO - Train | Grad Norm: 19.6341

2026-03-09 08:49:10 - nn.expander - INFO - Train | Batch Size: 40 | Avg Precision: 0.4164 | Avg Recall: 0.5214
2026-03-09 08:49:10 - nn.expander - INFO - Train | Batch Loss: 0.3373
2026-03-09 08:49:11 - nn.expander - INFO - Train | Grad Norm: 46.0755

2026-03-09 08:49:11 - nn.expander - INFO - Train | Batch Size: 40 | Avg Precision: 0.4167 | Avg Recall: 0.5218
2026-03-09 08:49:11 - nn.expander - INFO - Train | Batch Loss: -13.3248
2026-03-09 08:49:12 - nn.expander - INFO - Train | Grad Norm: 34.6215

2026-03-09 08:49:12 - nn.expander - INFO - Train | Batch Size: 40 | Avg Precision: 0.3325 | Avg Recall: 0.5172
2026-03-09 08:49:12 - nn.expander - INFO - Train | Batch Loss: -21.5119
2026-03-09 08:49:13 - nn.expander - INFO - Train | Grad Norm: 25.8380

2026-03-09 08:49:14 - nn.expander - INFO - Train | Batch Size: 40 | Avg Precision: 0.3144 | Avg Recall: 0.4970
2026-03-09 08:49:14 - nn.expander - INFO - Train | Batch Loss: -31.2373
2026-03-09 08:49:14 - nn.expander - INFO - Train | Grad Norm: 27.2169

2026-03-09 08:49:15 - nn.expander - INFO - Train | Batch Size: 40 | Avg Precision: 0.4138 | Avg Recall: 0.5516
2026-03-09 08:49:15 - nn.expander - INFO - Train | Batch Loss: -19.3756
2026-03-09 08:49:15 - nn.expander - INFO - Train | Grad Norm: 34.0115

2026-03-09 08:49:16 - nn.expander - INFO - Train | Batch Size: 40 | Avg Precision: 0.3585 | Avg Recall: 0.4680
2026-03-09 08:49:16 - nn.expander - INFO - Train | Batch Loss: 1.8879
2026-03-09 08:49:17 - nn.expander - INFO - Train | Grad Norm: 25.2801

2026-03-09 08:49:17 - nn.expander - INFO - Train | Batch Size: 40 | Avg Precision: 0.3225 | Avg Recall: 0.4984
2026-03-09 08:49:17 - nn.expander - INFO - Train | Batch Loss: -22.0454
2026-03-09 08:49:18 - nn.expander - INFO - Train | Grad Norm: 26.2408

2026-03-09 08:49:18 - nn.expander - INFO - Train | Batch Size: 40 | Avg Precision: 0.3806 | Avg Recall: 0.5316
2026-03-09 08:49:18 - nn.expander - INFO - Train | Batch Loss: 34.1999
2026-03-09 08:49:19 - nn.expander - INFO - Train | Grad Norm: 52.2671

2026-03-09 08:49:20 - nn.expander - INFO - Train | Batch Size: 40 | Avg Precision: 0.3142 | Avg Recall: 0.3989
2026-03-09 08:49:20 - nn.expander - INFO - Train | Batch Loss: 0.3808
2026-03-09 08:49:20 - nn.expander - INFO - Train | Grad Norm: 33.6554

2026-03-09 08:49:21 - nn.expander - INFO - Train | Batch Size: 40 | Avg Precision: 0.2421 | Avg Recall: 0.4534
2026-03-09 08:49:21 - nn.expander - INFO - Train | Batch Loss: -40.2912
2026-03-09 08:49:22 - nn.expander - INFO - Train | Grad Norm: 21.2685

2026-03-09 08:49:22 - nn.expander - INFO - Train | Batch Size: 40 | Avg Precision: 0.3554 | Avg Recall: 0.4344
2026-03-09 08:49:22 - nn.expander - INFO - Train | Batch Loss: -19.9283
2026-03-09 08:49:23 - nn.expander - INFO - Train | Grad Norm: 18.1444

2026-03-09 08:49:23 - nn.expander - INFO - Train | Batch Size: 40 | Avg Precision: 0.2681 | Avg Recall: 0.4050
2026-03-09 08:49:23 - nn.expander - INFO - Train | Batch Loss: -33.5674
2026-03-09 08:49:24 - nn.expander - INFO - Train | Grad Norm: 39.3328

2026-03-09 08:49:25 - nn.expander - INFO - Train | Batch Size: 40 | Avg Precision: 0.3018 | Avg Recall: 0.4642
2026-03-09 08:49:25 - nn.expander - INFO - Train | Batch Loss: -10.6124
2026-03-09 08:49:25 - nn.expander - INFO - Train | Grad Norm: 43.5026

2026-03-09 08:49:29 - root - INFO - ✅ 数据集 elliptic 训练完成！最终测试集F1：0.3876
2026-03-09 08:49:29 - root - INFO - 
======================================================================
📊 所有数据集训练结果汇总
======================================================================
2026-03-09 08:49:29 - root - INFO - 数据集        | P      | R      | F1    
2026-03-09 08:49:29 - root - INFO - ----------------------------------------------------------------------
2026-03-09 08:49:29 - root - INFO - elliptic   | 0.4978 | 0.6085 | 0.3876
2026-03-09 08:49:29 - root - INFO - ✅ 所有数据集训练流程执行完毕！
2026-03-09 08:50:49 - root - INFO - ✅ 工作目录已设置为：/home/u2023312299/sci
2026-03-09 08:50:49 - root - INFO - 🔄 项目启动，开始执行数据集训练流程
2026-03-09 08:50:49 - root - INFO - 
📋 开始批量训练数据集：['elliptic'] (全局种子=2026)
2026-03-09 08:50:49 - root - INFO - 
======================================================================
🚀 开始训练数据集：elliptic (种子=2026)
======================================================================
2026-03-09 08:50:49 - root - INFO - ✅ 随机种子已设置为：2026
2026-03-09 08:50:49 - root - INFO - ✅ 加载数据集 elliptic 配置完成，核心参数：p_bias=10, len_penalty_coeff=0.99
2026-03-09 08:51:07 - nn.expander - INFO - Train | Batch Size: 40 | Avg Precision: 0.5515 | Avg Recall: 0.3127
2026-03-09 08:51:07 - nn.expander - INFO - Train | Batch Loss: -41.8265
2026-03-09 08:51:07 - nn.expander - INFO - Train | Grad Norm: 33.4394

2026-03-09 08:51:08 - nn.expander - INFO - Train | Batch Size: 40 | Avg Precision: 0.5072 | Avg Recall: 0.3952
2026-03-09 08:51:08 - nn.expander - INFO - Train | Batch Loss: -62.6819
2026-03-09 08:51:08 - nn.expander - INFO - Train | Grad Norm: 29.3990

2026-03-09 08:51:09 - nn.expander - INFO - Train | Batch Size: 40 | Avg Precision: 0.4658 | Avg Recall: 0.3741
2026-03-09 08:51:09 - nn.expander - INFO - Train | Batch Loss: -76.3430
2026-03-09 08:51:09 - nn.expander - INFO - Train | Grad Norm: 49.9799

2026-03-09 08:51:10 - nn.expander - INFO - Train | Batch Size: 40 | Avg Precision: 0.5504 | Avg Recall: 0.4683
2026-03-09 08:51:10 - nn.expander - INFO - Train | Batch Loss: -1.6304
2026-03-09 08:51:10 - nn.expander - INFO - Train | Grad Norm: 16.8925

2026-03-09 08:51:11 - nn.expander - INFO - Train | Batch Size: 40 | Avg Precision: 0.5353 | Avg Recall: 0.4683
2026-03-09 08:51:11 - nn.expander - INFO - Train | Batch Loss: -31.4974
2026-03-09 08:51:11 - nn.expander - INFO - Train | Grad Norm: 21.4518

2026-03-09 08:51:11 - nn.expander - INFO - Train | Batch Size: 40 | Avg Precision: 0.4797 | Avg Recall: 0.3963
2026-03-09 08:51:11 - nn.expander - INFO - Train | Batch Loss: -35.2773
2026-03-09 08:51:12 - nn.expander - INFO - Train | Grad Norm: 30.1486

2026-03-09 08:51:12 - nn.expander - INFO - Train | Batch Size: 40 | Avg Precision: 0.5002 | Avg Recall: 0.3986
2026-03-09 08:51:12 - nn.expander - INFO - Train | Batch Loss: -37.0407
2026-03-09 08:51:12 - nn.expander - INFO - Train | Grad Norm: 10.4534

2026-03-09 08:51:13 - nn.expander - INFO - Train | Batch Size: 40 | Avg Precision: 0.5096 | Avg Recall: 0.3895
2026-03-09 08:51:13 - nn.expander - INFO - Train | Batch Loss: -40.0668
2026-03-09 08:51:13 - nn.expander - INFO - Train | Grad Norm: 35.8141

2026-03-09 08:51:14 - nn.expander - INFO - Train | Batch Size: 40 | Avg Precision: 0.5591 | Avg Recall: 0.3432
2026-03-09 08:51:14 - nn.expander - INFO - Train | Batch Loss: -19.4545
2026-03-09 08:51:14 - nn.expander - INFO - Train | Grad Norm: 12.0865

2026-03-09 08:51:15 - nn.expander - INFO - Train | Batch Size: 40 | Avg Precision: 0.5805 | Avg Recall: 0.2953
2026-03-09 08:51:15 - nn.expander - INFO - Train | Batch Loss: -29.2116
2026-03-09 08:51:15 - nn.expander - INFO - Train | Grad Norm: 13.5157

2026-03-09 08:51:15 - nn.expander - INFO - Train | Batch Size: 40 | Avg Precision: 0.3703 | Avg Recall: 0.4643
2026-03-09 08:51:15 - nn.expander - INFO - Train | Batch Loss: -62.5569
2026-03-09 08:51:16 - nn.expander - INFO - Train | Grad Norm: 20.1150

2026-03-09 08:51:16 - nn.expander - INFO - Train | Batch Size: 40 | Avg Precision: 0.6141 | Avg Recall: 0.3037
2026-03-09 08:51:16 - nn.expander - INFO - Train | Batch Loss: -33.6999
2026-03-09 08:51:17 - nn.expander - INFO - Train | Grad Norm: 13.0769

2026-03-09 08:51:17 - nn.expander - INFO - Train | Batch Size: 40 | Avg Precision: 0.6251 | Avg Recall: 0.3945
2026-03-09 08:51:17 - nn.expander - INFO - Train | Batch Loss: -26.3981
2026-03-09 08:51:17 - nn.expander - INFO - Train | Grad Norm: 22.5551

2026-03-09 08:51:18 - nn.expander - INFO - Train | Batch Size: 40 | Avg Precision: 0.6144 | Avg Recall: 0.3813
2026-03-09 08:51:18 - nn.expander - INFO - Train | Batch Loss: -22.8750
2026-03-09 08:51:18 - nn.expander - INFO - Train | Grad Norm: 11.0976

2026-03-09 08:51:18 - nn.expander - INFO - Train | Batch Size: 40 | Avg Precision: 0.5813 | Avg Recall: 0.2909
2026-03-09 08:51:18 - nn.expander - INFO - Train | Batch Loss: -41.3574
2026-03-09 08:51:19 - nn.expander - INFO - Train | Grad Norm: 13.2801

2026-03-09 08:51:19 - nn.expander - INFO - Train | Batch Size: 40 | Avg Precision: 0.6187 | Avg Recall: 0.3149
2026-03-09 08:51:19 - nn.expander - INFO - Train | Batch Loss: -39.2799
2026-03-09 08:51:19 - nn.expander - INFO - Train | Grad Norm: 28.7521

2026-03-09 08:51:20 - nn.expander - INFO - Train | Batch Size: 40 | Avg Precision: 0.5605 | Avg Recall: 0.4419
2026-03-09 08:51:20 - nn.expander - INFO - Train | Batch Loss: -36.7116
2026-03-09 08:51:20 - nn.expander - INFO - Train | Grad Norm: 18.4345

2026-03-09 08:51:20 - nn.expander - INFO - Train | Batch Size: 40 | Avg Precision: 0.6475 | Avg Recall: 0.3607
2026-03-09 08:51:20 - nn.expander - INFO - Train | Batch Loss: -19.2528
2026-03-09 08:51:20 - nn.expander - INFO - Train | Grad Norm: 12.8275

2026-03-09 08:51:21 - nn.expander - INFO - Train | Batch Size: 40 | Avg Precision: 0.6496 | Avg Recall: 0.2969
2026-03-09 08:51:21 - nn.expander - INFO - Train | Batch Loss: 2.9510
2026-03-09 08:51:21 - nn.expander - INFO - Train | Grad Norm: 12.0882

2026-03-09 08:51:22 - nn.expander - INFO - Train | Batch Size: 40 | Avg Precision: 0.5709 | Avg Recall: 0.3832
2026-03-09 08:51:22 - nn.expander - INFO - Train | Batch Loss: -42.9523
2026-03-09 08:51:22 - nn.expander - INFO - Train | Grad Norm: 11.3627

2026-03-09 08:51:22 - nn.expander - INFO - Train | Batch Size: 40 | Avg Precision: 0.6011 | Avg Recall: 0.3151
2026-03-09 08:51:22 - nn.expander - INFO - Train | Batch Loss: -14.1923
2026-03-09 08:51:22 - nn.expander - INFO - Train | Grad Norm: 11.5459

2026-03-09 08:51:23 - nn.expander - INFO - Train | Batch Size: 40 | Avg Precision: 0.6379 | Avg Recall: 0.4039
2026-03-09 08:51:23 - nn.expander - INFO - Train | Batch Loss: -30.8382
2026-03-09 08:51:23 - nn.expander - INFO - Train | Grad Norm: 13.0256

2026-03-09 08:51:23 - nn.expander - INFO - Train | Batch Size: 40 | Avg Precision: 0.6028 | Avg Recall: 0.4514
2026-03-09 08:51:23 - nn.expander - INFO - Train | Batch Loss: -35.9953
2026-03-09 08:51:24 - nn.expander - INFO - Train | Grad Norm: 14.5600

2026-03-09 08:51:24 - nn.expander - INFO - Train | Batch Size: 40 | Avg Precision: 0.6545 | Avg Recall: 0.3942
2026-03-09 08:51:24 - nn.expander - INFO - Train | Batch Loss: -22.5415
2026-03-09 08:51:24 - nn.expander - INFO - Train | Grad Norm: 12.6094

2026-03-09 08:51:24 - nn.expander - INFO - Train | Batch Size: 40 | Avg Precision: 0.7177 | Avg Recall: 0.3114
2026-03-09 08:51:24 - nn.expander - INFO - Train | Batch Loss: -7.7214
2026-03-09 08:51:24 - nn.expander - INFO - Train | Grad Norm: 2.7780

2026-03-09 08:51:25 - nn.expander - INFO - Train | Batch Size: 40 | Avg Precision: 0.7327 | Avg Recall: 0.3819
2026-03-09 08:51:25 - nn.expander - INFO - Train | Batch Loss: -10.3297
2026-03-09 08:51:25 - nn.expander - INFO - Train | Grad Norm: 12.0308

2026-03-09 08:51:25 - nn.expander - INFO - Train | Batch Size: 40 | Avg Precision: 0.6525 | Avg Recall: 0.3634
2026-03-09 08:51:25 - nn.expander - INFO - Train | Batch Loss: -9.9002
2026-03-09 08:51:25 - nn.expander - INFO - Train | Grad Norm: 8.9711

2026-03-09 08:51:26 - nn.expander - INFO - Train | Batch Size: 40 | Avg Precision: 0.6435 | Avg Recall: 0.4595
2026-03-09 08:51:26 - nn.expander - INFO - Train | Batch Loss: -7.0399
2026-03-09 08:51:26 - nn.expander - INFO - Train | Grad Norm: 9.3492

2026-03-09 08:51:26 - nn.expander - INFO - Train | Batch Size: 40 | Avg Precision: 0.6852 | Avg Recall: 0.4144
2026-03-09 08:51:26 - nn.expander - INFO - Train | Batch Loss: -20.5233
2026-03-09 08:51:26 - nn.expander - INFO - Train | Grad Norm: 11.0300

2026-03-09 08:51:26 - nn.expander - INFO - Train | Batch Size: 40 | Avg Precision: 0.7006 | Avg Recall: 0.3570
2026-03-09 08:51:26 - nn.expander - INFO - Train | Batch Loss: -25.7873
2026-03-09 08:51:27 - nn.expander - INFO - Train | Grad Norm: 7.4437

2026-03-09 08:51:27 - nn.expander - INFO - Train | Batch Size: 40 | Avg Precision: 0.6441 | Avg Recall: 0.3591
2026-03-09 08:51:27 - nn.expander - INFO - Train | Batch Loss: -31.1635
2026-03-09 08:51:27 - nn.expander - INFO - Train | Grad Norm: 11.4719

2026-03-09 08:51:27 - nn.expander - INFO - Train | Batch Size: 40 | Avg Precision: 0.7640 | Avg Recall: 0.3463
2026-03-09 08:51:27 - nn.expander - INFO - Train | Batch Loss: -21.6382
2026-03-09 08:51:28 - nn.expander - INFO - Train | Grad Norm: 28.3503

2026-03-09 08:51:28 - nn.expander - INFO - Train | Batch Size: 40 | Avg Precision: 0.7126 | Avg Recall: 0.2884
2026-03-09 08:51:28 - nn.expander - INFO - Train | Batch Loss: 9.9162
2026-03-09 08:51:28 - nn.expander - INFO - Train | Grad Norm: 12.9855

2026-03-09 08:51:28 - nn.expander - INFO - Train | Batch Size: 40 | Avg Precision: 0.6802 | Avg Recall: 0.3843
2026-03-09 08:51:28 - nn.expander - INFO - Train | Batch Loss: -15.9785
2026-03-09 08:51:28 - nn.expander - INFO - Train | Grad Norm: 12.5770

2026-03-09 08:51:29 - nn.expander - INFO - Train | Batch Size: 40 | Avg Precision: 0.7369 | Avg Recall: 0.4016
2026-03-09 08:51:29 - nn.expander - INFO - Train | Batch Loss: -4.1615
2026-03-09 08:51:29 - nn.expander - INFO - Train | Grad Norm: 18.8402

2026-03-09 08:51:29 - nn.expander - INFO - Train | Batch Size: 40 | Avg Precision: 0.8070 | Avg Recall: 0.2565
2026-03-09 08:51:29 - nn.expander - INFO - Train | Batch Loss: -10.9762
2026-03-09 08:51:29 - nn.expander - INFO - Train | Grad Norm: 7.6696

2026-03-09 08:51:30 - nn.expander - INFO - Train | Batch Size: 40 | Avg Precision: 0.6191 | Avg Recall: 0.3909
2026-03-09 08:51:30 - nn.expander - INFO - Train | Batch Loss: -23.3531
2026-03-09 08:51:30 - nn.expander - INFO - Train | Grad Norm: 9.0062

2026-03-09 08:51:30 - nn.expander - INFO - Train | Batch Size: 40 | Avg Precision: 0.6802 | Avg Recall: 0.3246
2026-03-09 08:51:30 - nn.expander - INFO - Train | Batch Loss: -24.9687
2026-03-09 08:51:30 - nn.expander - INFO - Train | Grad Norm: 7.3295

2026-03-09 08:51:30 - nn.expander - INFO - Train | Batch Size: 40 | Avg Precision: 0.7019 | Avg Recall: 0.3466
2026-03-09 08:51:30 - nn.expander - INFO - Train | Batch Loss: -0.0791
2026-03-09 08:51:31 - nn.expander - INFO - Train | Grad Norm: 14.8577

2026-03-09 08:51:31 - nn.expander - INFO - Train | Batch Size: 40 | Avg Precision: 0.6679 | Avg Recall: 0.3822
2026-03-09 08:51:31 - nn.expander - INFO - Train | Batch Loss: -14.2763
2026-03-09 08:51:31 - nn.expander - INFO - Train | Grad Norm: 16.3448

2026-03-09 08:51:35 - root - INFO - ✅ 数据集 elliptic 训练完成！最终测试集F1：0.4805
2026-03-09 08:51:35 - root - INFO - 
======================================================================
📊 所有数据集训练结果汇总
======================================================================
2026-03-09 08:51:35 - root - INFO - 数据集        | P      | R      | F1    
2026-03-09 08:51:35 - root - INFO - ----------------------------------------------------------------------
2026-03-09 08:51:35 - root - INFO - elliptic   | 0.6691 | 0.5892 | 0.4805
2026-03-09 08:51:35 - root - INFO - ✅ 所有数据集训练流程执行完毕！
2026-03-09 08:52:48 - root - INFO - ✅ 工作目录已设置为：/home/u2023312299/sci
2026-03-09 08:52:48 - root - INFO - 🔄 项目启动，开始执行数据集训练流程
2026-03-09 08:52:48 - root - INFO - 
📋 开始批量训练数据集：['elliptic'] (全局种子=2026)
2026-03-09 08:52:48 - root - INFO - 
======================================================================
🚀 开始训练数据集：elliptic (种子=2026)
======================================================================
2026-03-09 08:52:48 - root - INFO - ✅ 随机种子已设置为：2026
2026-03-09 08:52:48 - root - INFO - ✅ 加载数据集 elliptic 配置完成，核心参数：p_bias=10, len_penalty_coeff=0.99
2026-03-09 08:53:14 - nn.expander - INFO - Train | Batch Size: 40 | Avg Precision: 0.5151 | Avg Recall: 0.3789
2026-03-09 08:53:14 - nn.expander - INFO - Train | Batch Loss: -27.5283
2026-03-09 08:53:15 - nn.expander - INFO - Train | Grad Norm: 24.3150

2026-03-09 08:53:15 - nn.expander - INFO - Train | Batch Size: 40 | Avg Precision: 0.4365 | Avg Recall: 0.3470
2026-03-09 08:53:15 - nn.expander - INFO - Train | Batch Loss: -35.7189
2026-03-09 08:53:16 - nn.expander - INFO - Train | Grad Norm: 26.4477

2026-03-09 08:53:16 - nn.expander - INFO - Train | Batch Size: 40 | Avg Precision: 0.5269 | Avg Recall: 0.3477
2026-03-09 08:53:16 - nn.expander - INFO - Train | Batch Loss: -41.3538
2026-03-09 08:53:17 - nn.expander - INFO - Train | Grad Norm: 18.7755

2026-03-09 08:53:17 - nn.expander - INFO - Train | Batch Size: 40 | Avg Precision: 0.4914 | Avg Recall: 0.4180
2026-03-09 08:53:17 - nn.expander - INFO - Train | Batch Loss: -54.5976
2026-03-09 08:53:18 - nn.expander - INFO - Train | Grad Norm: 35.4901

2026-03-09 08:53:18 - nn.expander - INFO - Train | Batch Size: 40 | Avg Precision: 0.4795 | Avg Recall: 0.3496
2026-03-09 08:53:18 - nn.expander - INFO - Train | Batch Loss: -37.8040
2026-03-09 08:53:19 - nn.expander - INFO - Train | Grad Norm: 24.4311

2026-03-09 08:53:19 - nn.expander - INFO - Train | Batch Size: 40 | Avg Precision: 0.4625 | Avg Recall: 0.3139
2026-03-09 08:53:19 - nn.expander - INFO - Train | Batch Loss: -19.1154
2026-03-09 08:53:20 - nn.expander - INFO - Train | Grad Norm: 19.6557

2026-03-09 08:53:20 - nn.expander - INFO - Train | Batch Size: 40 | Avg Precision: 0.4775 | Avg Recall: 0.3194
2026-03-09 08:53:20 - nn.expander - INFO - Train | Batch Loss: -47.0087
2026-03-09 08:53:21 - nn.expander - INFO - Train | Grad Norm: 33.1278

2026-03-09 08:53:21 - nn.expander - INFO - Train | Batch Size: 40 | Avg Precision: 0.4993 | Avg Recall: 0.3002
2026-03-09 08:53:21 - nn.expander - INFO - Train | Batch Loss: -60.8341
2026-03-09 08:53:22 - nn.expander - INFO - Train | Grad Norm: 21.3131

2026-03-09 08:53:22 - nn.expander - INFO - Train | Batch Size: 40 | Avg Precision: 0.5343 | Avg Recall: 0.2925
2026-03-09 08:53:22 - nn.expander - INFO - Train | Batch Loss: -16.7120
2026-03-09 08:53:23 - nn.expander - INFO - Train | Grad Norm: 17.2794

2026-03-09 08:53:23 - nn.expander - INFO - Train | Batch Size: 40 | Avg Precision: 0.5587 | Avg Recall: 0.2875
2026-03-09 08:53:23 - nn.expander - INFO - Train | Batch Loss: -19.9009
2026-03-09 08:53:23 - nn.expander - INFO - Train | Grad Norm: 9.6326

2026-03-09 08:53:24 - nn.expander - INFO - Train | Batch Size: 40 | Avg Precision: 0.4257 | Avg Recall: 0.4223
2026-03-09 08:53:24 - nn.expander - INFO - Train | Batch Loss: -5.7921
2026-03-09 08:53:24 - nn.expander - INFO - Train | Grad Norm: 22.5304

2026-03-09 08:53:25 - nn.expander - INFO - Train | Batch Size: 40 | Avg Precision: 0.4560 | Avg Recall: 0.4060
2026-03-09 08:53:25 - nn.expander - INFO - Train | Batch Loss: -47.9394
2026-03-09 08:53:25 - nn.expander - INFO - Train | Grad Norm: 10.8991

2026-03-09 08:53:26 - nn.expander - INFO - Train | Batch Size: 40 | Avg Precision: 0.4235 | Avg Recall: 0.3744
2026-03-09 08:53:26 - nn.expander - INFO - Train | Batch Loss: -73.0796
2026-03-09 08:53:26 - nn.expander - INFO - Train | Grad Norm: 18.6281

2026-03-09 08:53:27 - nn.expander - INFO - Train | Batch Size: 40 | Avg Precision: 0.5016 | Avg Recall: 0.3513
2026-03-09 08:53:27 - nn.expander - INFO - Train | Batch Loss: -27.6503
2026-03-09 08:53:27 - nn.expander - INFO - Train | Grad Norm: 10.2330

2026-03-09 08:53:27 - nn.expander - INFO - Train | Batch Size: 40 | Avg Precision: 0.5607 | Avg Recall: 0.4640
2026-03-09 08:53:27 - nn.expander - INFO - Train | Batch Loss: -10.4251
2026-03-09 08:53:28 - nn.expander - INFO - Train | Grad Norm: 16.0857

2026-03-09 08:53:28 - nn.expander - INFO - Train | Batch Size: 40 | Avg Precision: 0.4578 | Avg Recall: 0.4356
2026-03-09 08:53:28 - nn.expander - INFO - Train | Batch Loss: -58.4760
2026-03-09 08:53:29 - nn.expander - INFO - Train | Grad Norm: 15.8246

2026-03-09 08:53:29 - nn.expander - INFO - Train | Batch Size: 40 | Avg Precision: 0.5187 | Avg Recall: 0.4390
2026-03-09 08:53:29 - nn.expander - INFO - Train | Batch Loss: -20.7030
2026-03-09 08:53:30 - nn.expander - INFO - Train | Grad Norm: 25.9866

2026-03-09 08:53:30 - nn.expander - INFO - Train | Batch Size: 40 | Avg Precision: 0.6057 | Avg Recall: 0.4184
2026-03-09 08:53:30 - nn.expander - INFO - Train | Batch Loss: -21.9170
2026-03-09 08:53:30 - nn.expander - INFO - Train | Grad Norm: 35.5535

2026-03-09 08:53:31 - nn.expander - INFO - Train | Batch Size: 40 | Avg Precision: 0.6126 | Avg Recall: 0.4203
2026-03-09 08:53:31 - nn.expander - INFO - Train | Batch Loss: 25.1650
2026-03-09 08:53:31 - nn.expander - INFO - Train | Grad Norm: 30.3553

2026-03-09 08:53:32 - nn.expander - INFO - Train | Batch Size: 40 | Avg Precision: 0.6071 | Avg Recall: 0.3108
2026-03-09 08:53:32 - nn.expander - INFO - Train | Batch Loss: -0.8712
2026-03-09 08:53:32 - nn.expander - INFO - Train | Grad Norm: 19.2885

2026-03-09 08:53:32 - nn.expander - INFO - Train | Batch Size: 40 | Avg Precision: 0.4609 | Avg Recall: 0.4496
2026-03-09 08:53:32 - nn.expander - INFO - Train | Batch Loss: -6.7667
2026-03-09 08:53:33 - nn.expander - INFO - Train | Grad Norm: 16.0489

2026-03-09 08:53:33 - nn.expander - INFO - Train | Batch Size: 40 | Avg Precision: 0.5275 | Avg Recall: 0.4097
2026-03-09 08:53:33 - nn.expander - INFO - Train | Batch Loss: -29.3607
2026-03-09 08:53:33 - nn.expander - INFO - Train | Grad Norm: 15.1047

2026-03-09 08:53:34 - nn.expander - INFO - Train | Batch Size: 40 | Avg Precision: 0.4865 | Avg Recall: 0.3899
2026-03-09 08:53:34 - nn.expander - INFO - Train | Batch Loss: -49.0070
2026-03-09 08:53:34 - nn.expander - INFO - Train | Grad Norm: 14.3630

2026-03-09 08:53:35 - nn.expander - INFO - Train | Batch Size: 40 | Avg Precision: 0.4393 | Avg Recall: 0.4515
2026-03-09 08:53:35 - nn.expander - INFO - Train | Batch Loss: 10.4250
2026-03-09 08:53:35 - nn.expander - INFO - Train | Grad Norm: 25.0479

2026-03-09 08:53:36 - nn.expander - INFO - Train | Batch Size: 40 | Avg Precision: 0.5567 | Avg Recall: 0.4481
2026-03-09 08:53:36 - nn.expander - INFO - Train | Batch Loss: -4.7275
2026-03-09 08:53:36 - nn.expander - INFO - Train | Grad Norm: 18.9497

2026-03-09 08:53:37 - nn.expander - INFO - Train | Batch Size: 40 | Avg Precision: 0.4795 | Avg Recall: 0.3144
2026-03-09 08:53:37 - nn.expander - INFO - Train | Batch Loss: -48.5752
2026-03-09 08:53:37 - nn.expander - INFO - Train | Grad Norm: 15.3260

2026-03-09 08:53:37 - nn.expander - INFO - Train | Batch Size: 40 | Avg Precision: 0.4863 | Avg Recall: 0.3801
2026-03-09 08:53:37 - nn.expander - INFO - Train | Batch Loss: -28.7579
2026-03-09 08:53:38 - nn.expander - INFO - Train | Grad Norm: 16.4146

2026-03-09 08:53:38 - nn.expander - INFO - Train | Batch Size: 40 | Avg Precision: 0.5086 | Avg Recall: 0.3601
2026-03-09 08:53:38 - nn.expander - INFO - Train | Batch Loss: -5.4140
2026-03-09 08:53:39 - nn.expander - INFO - Train | Grad Norm: 13.8553

2026-03-09 08:53:39 - nn.expander - INFO - Train | Batch Size: 40 | Avg Precision: 0.4556 | Avg Recall: 0.4262
2026-03-09 08:53:39 - nn.expander - INFO - Train | Batch Loss: -31.4702
2026-03-09 08:53:40 - nn.expander - INFO - Train | Grad Norm: 12.8091

2026-03-09 08:53:40 - nn.expander - INFO - Train | Batch Size: 40 | Avg Precision: 0.5113 | Avg Recall: 0.4762
2026-03-09 08:53:40 - nn.expander - INFO - Train | Batch Loss: 9.0084
2026-03-09 08:53:40 - nn.expander - INFO - Train | Grad Norm: 21.9526

2026-03-09 08:53:41 - nn.expander - INFO - Train | Batch Size: 40 | Avg Precision: 0.5199 | Avg Recall: 0.3901
2026-03-09 08:53:41 - nn.expander - INFO - Train | Batch Loss: -31.5396
2026-03-09 08:53:42 - nn.expander - INFO - Train | Grad Norm: 29.6594

2026-03-09 08:53:42 - nn.expander - INFO - Train | Batch Size: 40 | Avg Precision: 0.4775 | Avg Recall: 0.4289
2026-03-09 08:53:42 - nn.expander - INFO - Train | Batch Loss: -10.8963
2026-03-09 08:53:42 - nn.expander - INFO - Train | Grad Norm: 11.7635

2026-03-09 08:53:43 - nn.expander - INFO - Train | Batch Size: 40 | Avg Precision: 0.5456 | Avg Recall: 0.4824
2026-03-09 08:53:43 - nn.expander - INFO - Train | Batch Loss: 2.2994
2026-03-09 08:53:43 - nn.expander - INFO - Train | Grad Norm: 35.9154

2026-03-09 08:53:44 - nn.expander - INFO - Train | Batch Size: 40 | Avg Precision: 0.5570 | Avg Recall: 0.3426
2026-03-09 08:53:44 - nn.expander - INFO - Train | Batch Loss: 0.6041
2026-03-09 08:53:44 - nn.expander - INFO - Train | Grad Norm: 20.7653

2026-03-09 08:53:45 - nn.expander - INFO - Train | Batch Size: 40 | Avg Precision: 0.4979 | Avg Recall: 0.3774
2026-03-09 08:53:45 - nn.expander - INFO - Train | Batch Loss: -42.2282
2026-03-09 08:53:45 - nn.expander - INFO - Train | Grad Norm: 14.5699

2026-03-09 08:53:45 - nn.expander - INFO - Train | Batch Size: 40 | Avg Precision: 0.5080 | Avg Recall: 0.3941
2026-03-09 08:53:45 - nn.expander - INFO - Train | Batch Loss: -17.1560
2026-03-09 08:53:46 - nn.expander - INFO - Train | Grad Norm: 18.8980

2026-03-09 08:53:46 - nn.expander - INFO - Train | Batch Size: 40 | Avg Precision: 0.5508 | Avg Recall: 0.3323
2026-03-09 08:53:46 - nn.expander - INFO - Train | Batch Loss: 1.7244
2026-03-09 08:53:47 - nn.expander - INFO - Train | Grad Norm: 15.4880

2026-03-09 08:53:47 - nn.expander - INFO - Train | Batch Size: 40 | Avg Precision: 0.4388 | Avg Recall: 0.3665
2026-03-09 08:53:47 - nn.expander - INFO - Train | Batch Loss: -50.6581
2026-03-09 08:53:47 - nn.expander - INFO - Train | Grad Norm: 15.4822

2026-03-09 08:53:48 - nn.expander - INFO - Train | Batch Size: 40 | Avg Precision: 0.4947 | Avg Recall: 0.4129
2026-03-09 08:53:48 - nn.expander - INFO - Train | Batch Loss: -37.1561
2026-03-09 08:53:48 - nn.expander - INFO - Train | Grad Norm: 11.9256

2026-03-09 08:53:49 - nn.expander - INFO - Train | Batch Size: 40 | Avg Precision: 0.4407 | Avg Recall: 0.4626
2026-03-09 08:53:49 - nn.expander - INFO - Train | Batch Loss: -3.8867
2026-03-09 08:53:49 - nn.expander - INFO - Train | Grad Norm: 35.3989

2026-03-09 08:53:50 - root - INFO - ✅ 数据集 elliptic 训练完成！最终测试集F1：0.3062
2026-03-09 08:53:50 - root - INFO - 
======================================================================
📊 所有数据集训练结果汇总
======================================================================
2026-03-09 08:53:50 - root - INFO - 数据集        | P      | R      | F1    
2026-03-09 08:53:50 - root - INFO - ----------------------------------------------------------------------
2026-03-09 08:53:50 - root - INFO - elliptic   | 0.5131 | 0.3998 | 0.3062
2026-03-09 08:53:50 - root - INFO - ✅ 所有数据集训练流程执行完毕！
2026-03-09 08:54:31 - root - INFO - ✅ 工作目录已设置为：/home/u2023312299/sci
2026-03-09 08:54:31 - root - INFO - 🔄 项目启动，开始执行数据集训练流程
2026-03-09 08:54:31 - root - INFO - 
📋 开始批量训练数据集：['elliptic'] (全局种子=2026)
2026-03-09 08:54:31 - root - INFO - 
======================================================================
🚀 开始训练数据集：elliptic (种子=2026)
======================================================================
2026-03-09 08:54:31 - root - INFO - ✅ 随机种子已设置为：2026
2026-03-09 08:54:31 - root - INFO - ✅ 加载数据集 elliptic 配置完成，核心参数：p_bias=10, len_penalty_coeff=0.99
2026-03-09 08:54:57 - nn.expander - INFO - Train | Batch Size: 40 | Avg Precision: 0.5151 | Avg Recall: 0.3789
2026-03-09 08:54:57 - nn.expander - INFO - Train | Batch Loss: -27.5283
2026-03-09 08:54:58 - nn.expander - INFO - Train | Grad Norm: 24.3150

2026-03-09 08:54:58 - nn.expander - INFO - Train | Batch Size: 40 | Avg Precision: 0.4365 | Avg Recall: 0.3470
2026-03-09 08:54:58 - nn.expander - INFO - Train | Batch Loss: -35.7189
2026-03-09 08:54:59 - nn.expander - INFO - Train | Grad Norm: 26.4477

2026-03-09 08:54:59 - nn.expander - INFO - Train | Batch Size: 40 | Avg Precision: 0.5269 | Avg Recall: 0.3477
2026-03-09 08:54:59 - nn.expander - INFO - Train | Batch Loss: -41.3538
2026-03-09 08:55:00 - nn.expander - INFO - Train | Grad Norm: 18.7755

2026-03-09 08:55:00 - nn.expander - INFO - Train | Batch Size: 40 | Avg Precision: 0.4914 | Avg Recall: 0.4180
2026-03-09 08:55:00 - nn.expander - INFO - Train | Batch Loss: -54.5976
2026-03-09 08:55:01 - nn.expander - INFO - Train | Grad Norm: 35.4901

2026-03-09 08:55:01 - nn.expander - INFO - Train | Batch Size: 40 | Avg Precision: 0.4795 | Avg Recall: 0.3496
2026-03-09 08:55:01 - nn.expander - INFO - Train | Batch Loss: -37.8040
2026-03-09 08:55:02 - nn.expander - INFO - Train | Grad Norm: 24.4311

2026-03-09 08:55:02 - nn.expander - INFO - Train | Batch Size: 40 | Avg Precision: 0.4625 | Avg Recall: 0.3139
2026-03-09 08:55:02 - nn.expander - INFO - Train | Batch Loss: -19.1154
2026-03-09 08:55:03 - nn.expander - INFO - Train | Grad Norm: 19.6557

2026-03-09 08:55:03 - nn.expander - INFO - Train | Batch Size: 40 | Avg Precision: 0.4775 | Avg Recall: 0.3194
2026-03-09 08:55:03 - nn.expander - INFO - Train | Batch Loss: -47.0087
2026-03-09 08:55:04 - nn.expander - INFO - Train | Grad Norm: 33.1278

2026-03-09 08:55:04 - nn.expander - INFO - Train | Batch Size: 40 | Avg Precision: 0.4993 | Avg Recall: 0.3002
2026-03-09 08:55:04 - nn.expander - INFO - Train | Batch Loss: -60.8341
2026-03-09 08:55:05 - nn.expander - INFO - Train | Grad Norm: 21.3131

2026-03-09 08:55:05 - nn.expander - INFO - Train | Batch Size: 40 | Avg Precision: 0.5343 | Avg Recall: 0.2925
2026-03-09 08:55:05 - nn.expander - INFO - Train | Batch Loss: -16.7120
2026-03-09 08:55:06 - nn.expander - INFO - Train | Grad Norm: 17.2794

2026-03-09 08:55:06 - nn.expander - INFO - Train | Batch Size: 40 | Avg Precision: 0.5587 | Avg Recall: 0.2875
2026-03-09 08:55:06 - nn.expander - INFO - Train | Batch Loss: -19.9009
2026-03-09 08:55:06 - nn.expander - INFO - Train | Grad Norm: 9.6326

2026-03-09 08:55:07 - nn.expander - INFO - Train | Batch Size: 40 | Avg Precision: 0.4257 | Avg Recall: 0.4223
2026-03-09 08:55:07 - nn.expander - INFO - Train | Batch Loss: -5.7921
2026-03-09 08:55:07 - nn.expander - INFO - Train | Grad Norm: 22.5304

2026-03-09 08:55:08 - nn.expander - INFO - Train | Batch Size: 40 | Avg Precision: 0.4560 | Avg Recall: 0.4060
2026-03-09 08:55:08 - nn.expander - INFO - Train | Batch Loss: -47.9394
2026-03-09 08:55:08 - nn.expander - INFO - Train | Grad Norm: 10.8991

2026-03-09 08:55:09 - nn.expander - INFO - Train | Batch Size: 40 | Avg Precision: 0.4235 | Avg Recall: 0.3744
2026-03-09 08:55:09 - nn.expander - INFO - Train | Batch Loss: -73.0796
2026-03-09 08:55:09 - nn.expander - INFO - Train | Grad Norm: 18.6281

2026-03-09 08:55:10 - nn.expander - INFO - Train | Batch Size: 40 | Avg Precision: 0.5016 | Avg Recall: 0.3513
2026-03-09 08:55:10 - nn.expander - INFO - Train | Batch Loss: -27.6503
2026-03-09 08:55:10 - nn.expander - INFO - Train | Grad Norm: 10.2330

2026-03-09 08:55:10 - nn.expander - INFO - Train | Batch Size: 40 | Avg Precision: 0.5607 | Avg Recall: 0.4640
2026-03-09 08:55:10 - nn.expander - INFO - Train | Batch Loss: -10.4251
2026-03-09 08:55:11 - nn.expander - INFO - Train | Grad Norm: 16.0857

2026-03-09 08:55:11 - nn.expander - INFO - Train | Batch Size: 40 | Avg Precision: 0.4578 | Avg Recall: 0.4356
2026-03-09 08:55:11 - nn.expander - INFO - Train | Batch Loss: -58.4760
2026-03-09 08:55:12 - nn.expander - INFO - Train | Grad Norm: 15.8246

2026-03-09 08:55:12 - nn.expander - INFO - Train | Batch Size: 40 | Avg Precision: 0.5187 | Avg Recall: 0.4390
2026-03-09 08:55:12 - nn.expander - INFO - Train | Batch Loss: -20.7030
2026-03-09 08:55:13 - nn.expander - INFO - Train | Grad Norm: 25.9866

2026-03-09 08:55:13 - nn.expander - INFO - Train | Batch Size: 40 | Avg Precision: 0.6057 | Avg Recall: 0.4184
2026-03-09 08:55:13 - nn.expander - INFO - Train | Batch Loss: -21.9170
2026-03-09 08:55:13 - nn.expander - INFO - Train | Grad Norm: 35.5535

2026-03-09 08:55:14 - nn.expander - INFO - Train | Batch Size: 40 | Avg Precision: 0.6126 | Avg Recall: 0.4203
2026-03-09 08:55:14 - nn.expander - INFO - Train | Batch Loss: 25.1650
2026-03-09 08:55:14 - nn.expander - INFO - Train | Grad Norm: 30.3553

2026-03-09 08:55:15 - nn.expander - INFO - Train | Batch Size: 40 | Avg Precision: 0.6071 | Avg Recall: 0.3108
2026-03-09 08:55:15 - nn.expander - INFO - Train | Batch Loss: -0.8712
2026-03-09 08:55:15 - nn.expander - INFO - Train | Grad Norm: 19.2885

2026-03-09 08:55:15 - nn.expander - INFO - Train | Batch Size: 40 | Avg Precision: 0.4609 | Avg Recall: 0.4496
2026-03-09 08:55:15 - nn.expander - INFO - Train | Batch Loss: -6.7667
2026-03-09 08:55:16 - nn.expander - INFO - Train | Grad Norm: 16.0489

2026-03-09 08:55:16 - nn.expander - INFO - Train | Batch Size: 40 | Avg Precision: 0.5275 | Avg Recall: 0.4097
2026-03-09 08:55:16 - nn.expander - INFO - Train | Batch Loss: -29.3607
2026-03-09 08:55:16 - nn.expander - INFO - Train | Grad Norm: 15.1047

2026-03-09 08:55:17 - nn.expander - INFO - Train | Batch Size: 40 | Avg Precision: 0.4865 | Avg Recall: 0.3899
2026-03-09 08:55:17 - nn.expander - INFO - Train | Batch Loss: -49.0070
2026-03-09 08:55:17 - nn.expander - INFO - Train | Grad Norm: 14.3630

2026-03-09 08:55:18 - nn.expander - INFO - Train | Batch Size: 40 | Avg Precision: 0.4393 | Avg Recall: 0.4515
2026-03-09 08:55:18 - nn.expander - INFO - Train | Batch Loss: 10.4250
2026-03-09 08:55:18 - nn.expander - INFO - Train | Grad Norm: 25.0479

2026-03-09 08:55:19 - nn.expander - INFO - Train | Batch Size: 40 | Avg Precision: 0.5567 | Avg Recall: 0.4481
2026-03-09 08:55:19 - nn.expander - INFO - Train | Batch Loss: -4.7275
2026-03-09 08:55:19 - nn.expander - INFO - Train | Grad Norm: 18.9497

2026-03-09 08:55:20 - nn.expander - INFO - Train | Batch Size: 40 | Avg Precision: 0.4795 | Avg Recall: 0.3144
2026-03-09 08:55:20 - nn.expander - INFO - Train | Batch Loss: -48.5752
2026-03-09 08:55:20 - nn.expander - INFO - Train | Grad Norm: 15.3260

2026-03-09 08:55:20 - nn.expander - INFO - Train | Batch Size: 40 | Avg Precision: 0.4863 | Avg Recall: 0.3801
2026-03-09 08:55:20 - nn.expander - INFO - Train | Batch Loss: -28.7579
2026-03-09 08:55:21 - nn.expander - INFO - Train | Grad Norm: 16.4146

2026-03-09 08:55:21 - nn.expander - INFO - Train | Batch Size: 40 | Avg Precision: 0.5086 | Avg Recall: 0.3601
2026-03-09 08:55:21 - nn.expander - INFO - Train | Batch Loss: -5.4140
2026-03-09 08:55:22 - nn.expander - INFO - Train | Grad Norm: 13.8553

2026-03-09 08:55:22 - nn.expander - INFO - Train | Batch Size: 40 | Avg Precision: 0.4556 | Avg Recall: 0.4262
2026-03-09 08:55:22 - nn.expander - INFO - Train | Batch Loss: -31.4702
2026-03-09 08:55:23 - nn.expander - INFO - Train | Grad Norm: 12.8091

2026-03-09 08:55:23 - nn.expander - INFO - Train | Batch Size: 40 | Avg Precision: 0.5113 | Avg Recall: 0.4762
2026-03-09 08:55:23 - nn.expander - INFO - Train | Batch Loss: 9.0084
2026-03-09 08:55:23 - nn.expander - INFO - Train | Grad Norm: 21.9526

2026-03-09 08:55:24 - nn.expander - INFO - Train | Batch Size: 40 | Avg Precision: 0.5199 | Avg Recall: 0.3901
2026-03-09 08:55:24 - nn.expander - INFO - Train | Batch Loss: -31.5396
2026-03-09 08:55:25 - nn.expander - INFO - Train | Grad Norm: 29.6594

2026-03-09 08:55:25 - nn.expander - INFO - Train | Batch Size: 40 | Avg Precision: 0.4775 | Avg Recall: 0.4289
2026-03-09 08:55:25 - nn.expander - INFO - Train | Batch Loss: -10.8963
2026-03-09 08:55:25 - nn.expander - INFO - Train | Grad Norm: 11.7635

2026-03-09 08:55:26 - nn.expander - INFO - Train | Batch Size: 40 | Avg Precision: 0.5456 | Avg Recall: 0.4824
2026-03-09 08:55:26 - nn.expander - INFO - Train | Batch Loss: 2.2994
2026-03-09 08:55:26 - nn.expander - INFO - Train | Grad Norm: 35.9154

2026-03-09 08:55:27 - nn.expander - INFO - Train | Batch Size: 40 | Avg Precision: 0.5570 | Avg Recall: 0.3426
2026-03-09 08:55:27 - nn.expander - INFO - Train | Batch Loss: 0.6041
2026-03-09 08:55:27 - nn.expander - INFO - Train | Grad Norm: 20.7653

2026-03-09 08:55:28 - nn.expander - INFO - Train | Batch Size: 40 | Avg Precision: 0.4979 | Avg Recall: 0.3774
2026-03-09 08:55:28 - nn.expander - INFO - Train | Batch Loss: -42.2282
2026-03-09 08:55:28 - nn.expander - INFO - Train | Grad Norm: 14.5699

2026-03-09 08:55:29 - nn.expander - INFO - Train | Batch Size: 40 | Avg Precision: 0.5080 | Avg Recall: 0.3941
2026-03-09 08:55:29 - nn.expander - INFO - Train | Batch Loss: -17.1560
2026-03-09 08:55:29 - nn.expander - INFO - Train | Grad Norm: 18.8980

2026-03-09 08:55:30 - nn.expander - INFO - Train | Batch Size: 40 | Avg Precision: 0.5508 | Avg Recall: 0.3323
2026-03-09 08:55:30 - nn.expander - INFO - Train | Batch Loss: 1.7244
2026-03-09 08:55:30 - nn.expander - INFO - Train | Grad Norm: 15.4880

2026-03-09 08:55:30 - nn.expander - INFO - Train | Batch Size: 40 | Avg Precision: 0.4388 | Avg Recall: 0.3665
2026-03-09 08:55:30 - nn.expander - INFO - Train | Batch Loss: -50.6581
2026-03-09 08:55:31 - nn.expander - INFO - Train | Grad Norm: 15.4822

2026-03-09 08:55:31 - nn.expander - INFO - Train | Batch Size: 40 | Avg Precision: 0.4947 | Avg Recall: 0.4129
2026-03-09 08:55:31 - nn.expander - INFO - Train | Batch Loss: -37.1561
2026-03-09 08:55:32 - nn.expander - INFO - Train | Grad Norm: 11.9256

2026-03-09 08:55:32 - nn.expander - INFO - Train | Batch Size: 40 | Avg Precision: 0.4407 | Avg Recall: 0.4626
2026-03-09 08:55:32 - nn.expander - INFO - Train | Batch Loss: -3.8867
2026-03-09 08:55:32 - nn.expander - INFO - Train | Grad Norm: 35.3989

2026-03-09 08:55:33 - root - INFO - ✅ 数据集 elliptic 训练完成！最终测试集F1：0.3062
2026-03-09 08:55:33 - root - INFO - 
======================================================================
📊 所有数据集训练结果汇总
======================================================================
2026-03-09 08:55:33 - root - INFO - 数据集        | P      | R      | F1    
2026-03-09 08:55:33 - root - INFO - ----------------------------------------------------------------------
2026-03-09 08:55:33 - root - INFO - elliptic   | 0.5131 | 0.3998 | 0.3062
2026-03-09 08:55:33 - root - INFO - ✅ 所有数据集训练流程执行完毕！
2026-03-09 08:55:47 - root - INFO - ✅ 工作目录已设置为：/home/u2023312299/sci
2026-03-09 08:55:47 - root - INFO - 🔄 项目启动，开始执行数据集训练流程
2026-03-09 08:55:47 - root - INFO - 
📋 开始批量训练数据集：['elliptic'] (全局种子=2026)
2026-03-09 08:55:47 - root - INFO - 
======================================================================
🚀 开始训练数据集：elliptic (种子=2026)
======================================================================
2026-03-09 08:55:47 - root - INFO - ✅ 随机种子已设置为：2026
2026-03-09 08:55:47 - root - INFO - ✅ 加载数据集 elliptic 配置完成，核心参数：p_bias=10, len_penalty_coeff=0.99
2026-03-09 08:56:13 - nn.expander - INFO - Train | Batch Size: 40 | Avg Precision: 0.5019 | Avg Recall: 0.3709
2026-03-09 08:56:13 - nn.expander - INFO - Train | Batch Loss: -43.3891
2026-03-09 08:56:14 - nn.expander - INFO - Train | Grad Norm: 39.9043

2026-03-09 08:56:14 - nn.expander - INFO - Train | Batch Size: 40 | Avg Precision: 0.5344 | Avg Recall: 0.3121
2026-03-09 08:56:14 - nn.expander - INFO - Train | Batch Loss: -34.9374
2026-03-09 08:56:15 - nn.expander - INFO - Train | Grad Norm: 9.3308

2026-03-09 08:56:15 - nn.expander - INFO - Train | Batch Size: 40 | Avg Precision: 0.6060 | Avg Recall: 0.2388
2026-03-09 08:56:15 - nn.expander - INFO - Train | Batch Loss: -33.1151
2026-03-09 08:56:15 - nn.expander - INFO - Train | Grad Norm: 10.9188

2026-03-09 08:56:16 - nn.expander - INFO - Train | Batch Size: 40 | Avg Precision: 0.5626 | Avg Recall: 0.3072
2026-03-09 08:56:16 - nn.expander - INFO - Train | Batch Loss: -56.0556
2026-03-09 08:56:16 - nn.expander - INFO - Train | Grad Norm: 30.5058

2026-03-09 08:56:17 - nn.expander - INFO - Train | Batch Size: 40 | Avg Precision: 0.5048 | Avg Recall: 0.3677
2026-03-09 08:56:17 - nn.expander - INFO - Train | Batch Loss: -51.4062
2026-03-09 08:56:17 - nn.expander - INFO - Train | Grad Norm: 20.7658

2026-03-09 08:56:17 - nn.expander - INFO - Train | Batch Size: 40 | Avg Precision: 0.6206 | Avg Recall: 0.3859
2026-03-09 08:56:17 - nn.expander - INFO - Train | Batch Loss: -31.4504
2026-03-09 08:56:18 - nn.expander - INFO - Train | Grad Norm: 15.4782

2026-03-09 08:56:18 - nn.expander - INFO - Train | Batch Size: 40 | Avg Precision: 0.6553 | Avg Recall: 0.4008
2026-03-09 08:56:18 - nn.expander - INFO - Train | Batch Loss: -20.6686
2026-03-09 08:56:18 - nn.expander - INFO - Train | Grad Norm: 24.8094

2026-03-09 08:56:19 - nn.expander - INFO - Train | Batch Size: 40 | Avg Precision: 0.6911 | Avg Recall: 0.3503
2026-03-09 08:56:19 - nn.expander - INFO - Train | Batch Loss: -22.2251
2026-03-09 08:56:19 - nn.expander - INFO - Train | Grad Norm: 10.9990

2026-03-09 08:56:19 - nn.expander - INFO - Train | Batch Size: 40 | Avg Precision: 0.5577 | Avg Recall: 0.3124
2026-03-09 08:56:19 - nn.expander - INFO - Train | Batch Loss: -46.5899
2026-03-09 08:56:20 - nn.expander - INFO - Train | Grad Norm: 16.1402

2026-03-09 08:56:20 - nn.expander - INFO - Train | Batch Size: 40 | Avg Precision: 0.4903 | Avg Recall: 0.3609
2026-03-09 08:56:20 - nn.expander - INFO - Train | Batch Loss: -33.9017
2026-03-09 08:56:20 - nn.expander - INFO - Train | Grad Norm: 31.0697

2026-03-09 08:56:21 - nn.expander - INFO - Train | Batch Size: 40 | Avg Precision: 0.6488 | Avg Recall: 0.3995
2026-03-09 08:56:21 - nn.expander - INFO - Train | Batch Loss: -1.4878
2026-03-09 08:56:21 - nn.expander - INFO - Train | Grad Norm: 10.0267

2026-03-09 08:56:21 - nn.expander - INFO - Train | Batch Size: 40 | Avg Precision: 0.7358 | Avg Recall: 0.3419
2026-03-09 08:56:21 - nn.expander - INFO - Train | Batch Loss: 7.0457
2026-03-09 08:56:21 - nn.expander - INFO - Train | Grad Norm: 14.1971

2026-03-09 08:56:22 - nn.expander - INFO - Train | Batch Size: 40 | Avg Precision: 0.6644 | Avg Recall: 0.3923
2026-03-09 08:56:22 - nn.expander - INFO - Train | Batch Loss: 1.8147
2026-03-09 08:56:22 - nn.expander - INFO - Train | Grad Norm: 18.2083

2026-03-09 08:56:22 - nn.expander - INFO - Train | Batch Size: 40 | Avg Precision: 0.6852 | Avg Recall: 0.2841
2026-03-09 08:56:22 - nn.expander - INFO - Train | Batch Loss: -26.8730
2026-03-09 08:56:23 - nn.expander - INFO - Train | Grad Norm: 12.0281

2026-03-09 08:56:23 - nn.expander - INFO - Train | Batch Size: 40 | Avg Precision: 0.6271 | Avg Recall: 0.3798
2026-03-09 08:56:23 - nn.expander - INFO - Train | Batch Loss: -41.9632
2026-03-09 08:56:23 - nn.expander - INFO - Train | Grad Norm: 25.9638

2026-03-09 08:56:24 - nn.expander - INFO - Train | Batch Size: 40 | Avg Precision: 0.5675 | Avg Recall: 0.3144
2026-03-09 08:56:24 - nn.expander - INFO - Train | Batch Loss: -22.1118
2026-03-09 08:56:24 - nn.expander - INFO - Train | Grad Norm: 17.2013

2026-03-09 08:56:24 - nn.expander - INFO - Train | Batch Size: 40 | Avg Precision: 0.6748 | Avg Recall: 0.4137
2026-03-09 08:56:24 - nn.expander - INFO - Train | Batch Loss: -13.3986
2026-03-09 08:56:24 - nn.expander - INFO - Train | Grad Norm: 15.9547

2026-03-09 08:56:25 - nn.expander - INFO - Train | Batch Size: 40 | Avg Precision: 0.5587 | Avg Recall: 0.3890
2026-03-09 08:56:25 - nn.expander - INFO - Train | Batch Loss: -39.7671
2026-03-09 08:56:25 - nn.expander - INFO - Train | Grad Norm: 14.5138

2026-03-09 08:56:25 - nn.expander - INFO - Train | Batch Size: 40 | Avg Precision: 0.5777 | Avg Recall: 0.3790
2026-03-09 08:56:25 - nn.expander - INFO - Train | Batch Loss: -35.7177
2026-03-09 08:56:26 - nn.expander - INFO - Train | Grad Norm: 21.3752

2026-03-09 08:56:26 - nn.expander - INFO - Train | Batch Size: 40 | Avg Precision: 0.6630 | Avg Recall: 0.4398
2026-03-09 08:56:26 - nn.expander - INFO - Train | Batch Loss: -24.6936
2026-03-09 08:56:26 - nn.expander - INFO - Train | Grad Norm: 13.4360

2026-03-09 08:56:27 - nn.expander - INFO - Train | Batch Size: 40 | Avg Precision: 0.5644 | Avg Recall: 0.3906
2026-03-09 08:56:27 - nn.expander - INFO - Train | Batch Loss: -35.5009
2026-03-09 08:56:27 - nn.expander - INFO - Train | Grad Norm: 17.1184

2026-03-09 08:56:27 - nn.expander - INFO - Train | Batch Size: 40 | Avg Precision: 0.6789 | Avg Recall: 0.4202
2026-03-09 08:56:27 - nn.expander - INFO - Train | Batch Loss: -11.5561
2026-03-09 08:56:27 - nn.expander - INFO - Train | Grad Norm: 11.5045

2026-03-09 08:56:28 - nn.expander - INFO - Train | Batch Size: 40 | Avg Precision: 0.5853 | Avg Recall: 0.3585
2026-03-09 08:56:28 - nn.expander - INFO - Train | Batch Loss: -25.4125
2026-03-09 08:56:28 - nn.expander - INFO - Train | Grad Norm: 19.1300

2026-03-09 08:56:28 - nn.expander - INFO - Train | Batch Size: 40 | Avg Precision: 0.7280 | Avg Recall: 0.2815
2026-03-09 08:56:28 - nn.expander - INFO - Train | Batch Loss: -15.3524
2026-03-09 08:56:28 - nn.expander - INFO - Train | Grad Norm: 9.1305

2026-03-09 08:56:29 - nn.expander - INFO - Train | Batch Size: 40 | Avg Precision: 0.6169 | Avg Recall: 0.4700
2026-03-09 08:56:29 - nn.expander - INFO - Train | Batch Loss: -58.2481
2026-03-09 08:56:29 - nn.expander - INFO - Train | Grad Norm: 22.2801

2026-03-09 08:56:29 - nn.expander - INFO - Train | Batch Size: 40 | Avg Precision: 0.6129 | Avg Recall: 0.3870
2026-03-09 08:56:29 - nn.expander - INFO - Train | Batch Loss: -34.4594
2026-03-09 08:56:30 - nn.expander - INFO - Train | Grad Norm: 11.9068

2026-03-09 08:56:30 - nn.expander - INFO - Train | Batch Size: 40 | Avg Precision: 0.5569 | Avg Recall: 0.3722
2026-03-09 08:56:30 - nn.expander - INFO - Train | Batch Loss: -30.5284
2026-03-09 08:56:30 - nn.expander - INFO - Train | Grad Norm: 15.1582

2026-03-09 08:56:31 - nn.expander - INFO - Train | Batch Size: 40 | Avg Precision: 0.6619 | Avg Recall: 0.3534
2026-03-09 08:56:31 - nn.expander - INFO - Train | Batch Loss: -9.9050
2026-03-09 08:56:31 - nn.expander - INFO - Train | Grad Norm: 15.2245

2026-03-09 08:56:31 - nn.expander - INFO - Train | Batch Size: 40 | Avg Precision: 0.6371 | Avg Recall: 0.4339
2026-03-09 08:56:31 - nn.expander - INFO - Train | Batch Loss: 3.3413
2026-03-09 08:56:31 - nn.expander - INFO - Train | Grad Norm: 18.4324

2026-03-09 08:56:32 - nn.expander - INFO - Train | Batch Size: 40 | Avg Precision: 0.5602 | Avg Recall: 0.3699
2026-03-09 08:56:32 - nn.expander - INFO - Train | Batch Loss: -29.4127
2026-03-09 08:56:32 - nn.expander - INFO - Train | Grad Norm: 11.8501

2026-03-09 08:56:32 - nn.expander - INFO - Train | Batch Size: 40 | Avg Precision: 0.6454 | Avg Recall: 0.4242
2026-03-09 08:56:32 - nn.expander - INFO - Train | Batch Loss: -16.2629
2026-03-09 08:56:33 - nn.expander - INFO - Train | Grad Norm: 13.3330

2026-03-09 08:56:33 - nn.expander - INFO - Train | Batch Size: 40 | Avg Precision: 0.5834 | Avg Recall: 0.3423
2026-03-09 08:56:33 - nn.expander - INFO - Train | Batch Loss: -20.3101
2026-03-09 08:56:33 - nn.expander - INFO - Train | Grad Norm: 12.0407

2026-03-09 08:56:34 - nn.expander - INFO - Train | Batch Size: 40 | Avg Precision: 0.6292 | Avg Recall: 0.3156
2026-03-09 08:56:34 - nn.expander - INFO - Train | Batch Loss: -34.4212
2026-03-09 08:56:34 - nn.expander - INFO - Train | Grad Norm: 15.9172

2026-03-09 08:56:34 - nn.expander - INFO - Train | Batch Size: 40 | Avg Precision: 0.6114 | Avg Recall: 0.3686
2026-03-09 08:56:34 - nn.expander - INFO - Train | Batch Loss: -23.1950
2026-03-09 08:56:35 - nn.expander - INFO - Train | Grad Norm: 10.7884

2026-03-09 08:56:35 - nn.expander - INFO - Train | Batch Size: 40 | Avg Precision: 0.7215 | Avg Recall: 0.3600
2026-03-09 08:56:35 - nn.expander - INFO - Train | Batch Loss: 6.8664
2026-03-09 08:56:35 - nn.expander - INFO - Train | Grad Norm: 17.0576

2026-03-09 08:56:35 - nn.expander - INFO - Train | Batch Size: 40 | Avg Precision: 0.6944 | Avg Recall: 0.4058
2026-03-09 08:56:35 - nn.expander - INFO - Train | Batch Loss: -19.5422
2026-03-09 08:56:35 - nn.expander - INFO - Train | Grad Norm: 10.2176

2026-03-09 08:56:36 - nn.expander - INFO - Train | Batch Size: 40 | Avg Precision: 0.5946 | Avg Recall: 0.3266
2026-03-09 08:56:36 - nn.expander - INFO - Train | Batch Loss: -39.5538
2026-03-09 08:56:36 - nn.expander - INFO - Train | Grad Norm: 18.6573

2026-03-09 08:56:36 - nn.expander - INFO - Train | Batch Size: 40 | Avg Precision: 0.5573 | Avg Recall: 0.3777
2026-03-09 08:56:36 - nn.expander - INFO - Train | Batch Loss: -46.3893
2026-03-09 08:56:37 - nn.expander - INFO - Train | Grad Norm: 10.2766

2026-03-09 08:56:37 - nn.expander - INFO - Train | Batch Size: 40 | Avg Precision: 0.5958 | Avg Recall: 0.3373
2026-03-09 08:56:37 - nn.expander - INFO - Train | Batch Loss: -41.1656
2026-03-09 08:56:37 - nn.expander - INFO - Train | Grad Norm: 9.2996

2026-03-09 08:56:38 - nn.expander - INFO - Train | Batch Size: 40 | Avg Precision: 0.6244 | Avg Recall: 0.3544
2026-03-09 08:56:38 - nn.expander - INFO - Train | Batch Loss: -22.4758
2026-03-09 08:56:38 - nn.expander - INFO - Train | Grad Norm: 22.8608

2026-03-09 08:56:38 - root - INFO - ✅ 数据集 elliptic 训练完成！最终测试集F1：0.4573
2026-03-09 08:56:38 - root - INFO - 
======================================================================
📊 所有数据集训练结果汇总
======================================================================
2026-03-09 08:56:38 - root - INFO - 数据集        | P      | R      | F1    
2026-03-09 08:56:38 - root - INFO - ----------------------------------------------------------------------
2026-03-09 08:56:38 - root - INFO - elliptic   | 0.6226 | 0.5838 | 0.4573
2026-03-09 08:56:38 - root - INFO - ✅ 所有数据集训练流程执行完毕！
2026-03-09 08:57:48 - root - INFO - ✅ 工作目录已设置为：/home/u2023312299/sci
2026-03-09 08:57:48 - root - INFO - 🔄 项目启动，开始执行数据集训练流程
2026-03-09 08:57:48 - root - INFO - 
📋 开始批量训练数据集：['elliptic'] (全局种子=2026)
2026-03-09 08:57:48 - root - INFO - 
======================================================================
🚀 开始训练数据集：elliptic (种子=2026)
======================================================================
2026-03-09 08:57:48 - root - INFO - ✅ 随机种子已设置为：2026
2026-03-09 08:57:48 - root - INFO - ✅ 加载数据集 elliptic 配置完成，核心参数：p_bias=10, len_penalty_coeff=0.99
2026-03-09 08:58:15 - nn.expander - INFO - Train | Batch Size: 40 | Avg Precision: 0.4245 | Avg Recall: 0.5020
2026-03-09 08:58:15 - nn.expander - INFO - Train | Batch Loss: -116.3171
2026-03-09 08:58:15 - nn.expander - INFO - Train | Grad Norm: 102.4471

2026-03-09 08:58:16 - nn.expander - INFO - Train | Batch Size: 40 | Avg Precision: 0.5243 | Avg Recall: 0.6135
2026-03-09 08:58:16 - nn.expander - INFO - Train | Batch Loss: -83.6375
2026-03-09 08:58:16 - nn.expander - INFO - Train | Grad Norm: 63.6867

2026-03-09 08:58:17 - nn.expander - INFO - Train | Batch Size: 40 | Avg Precision: 0.4341 | Avg Recall: 0.4861
2026-03-09 08:58:17 - nn.expander - INFO - Train | Batch Loss: -80.7287
2026-03-09 08:58:17 - nn.expander - INFO - Train | Grad Norm: 25.7883

2026-03-09 08:58:17 - nn.expander - INFO - Train | Batch Size: 40 | Avg Precision: 0.5816 | Avg Recall: 0.5178
2026-03-09 08:58:17 - nn.expander - INFO - Train | Batch Loss: -87.1908
2026-03-09 08:58:18 - nn.expander - INFO - Train | Grad Norm: 64.4360

2026-03-09 08:58:18 - nn.expander - INFO - Train | Batch Size: 40 | Avg Precision: 0.4335 | Avg Recall: 0.5034
2026-03-09 08:58:18 - nn.expander - INFO - Train | Batch Loss: -128.3005
2026-03-09 08:58:19 - nn.expander - INFO - Train | Grad Norm: 39.9413

2026-03-09 08:58:19 - nn.expander - INFO - Train | Batch Size: 40 | Avg Precision: 0.5329 | Avg Recall: 0.5740
2026-03-09 08:58:19 - nn.expander - INFO - Train | Batch Loss: -78.2018
2026-03-09 08:58:20 - nn.expander - INFO - Train | Grad Norm: 49.6612

2026-03-09 08:58:20 - nn.expander - INFO - Train | Batch Size: 40 | Avg Precision: 0.6292 | Avg Recall: 0.5035
2026-03-09 08:58:20 - nn.expander - INFO - Train | Batch Loss: -66.6452
2026-03-09 08:58:20 - nn.expander - INFO - Train | Grad Norm: 41.3900

2026-03-09 08:58:20 - nn.expander - INFO - Train | Batch Size: 40 | Avg Precision: 0.6137 | Avg Recall: 0.5544
2026-03-09 08:58:20 - nn.expander - INFO - Train | Batch Loss: -62.4626
2026-03-09 08:58:21 - nn.expander - INFO - Train | Grad Norm: 31.4290

2026-03-09 08:58:21 - nn.expander - INFO - Train | Batch Size: 40 | Avg Precision: 0.5982 | Avg Recall: 0.5549
2026-03-09 08:58:21 - nn.expander - INFO - Train | Batch Loss: -65.5077
2026-03-09 08:58:21 - nn.expander - INFO - Train | Grad Norm: 17.7913

2026-03-09 08:58:22 - nn.expander - INFO - Train | Batch Size: 40 | Avg Precision: 0.5291 | Avg Recall: 0.4895
2026-03-09 08:58:22 - nn.expander - INFO - Train | Batch Loss: -69.9042
2026-03-09 08:58:22 - nn.expander - INFO - Train | Grad Norm: 40.4964

2026-03-09 08:58:22 - nn.expander - INFO - Train | Batch Size: 40 | Avg Precision: 0.5983 | Avg Recall: 0.4225
2026-03-09 08:58:22 - nn.expander - INFO - Train | Batch Loss: -57.7382
2026-03-09 08:58:22 - nn.expander - INFO - Train | Grad Norm: 20.5443

2026-03-09 08:58:23 - nn.expander - INFO - Train | Batch Size: 40 | Avg Precision: 0.6419 | Avg Recall: 0.5155
2026-03-09 08:58:23 - nn.expander - INFO - Train | Batch Loss: -34.8970
2026-03-09 08:58:23 - nn.expander - INFO - Train | Grad Norm: 16.5397

2026-03-09 08:58:23 - nn.expander - INFO - Train | Batch Size: 40 | Avg Precision: 0.6367 | Avg Recall: 0.4188
2026-03-09 08:58:23 - nn.expander - INFO - Train | Batch Loss: -38.5461
2026-03-09 08:58:23 - nn.expander - INFO - Train | Grad Norm: 14.1709

2026-03-09 08:58:23 - nn.expander - INFO - Train | Batch Size: 40 | Avg Precision: 0.6931 | Avg Recall: 0.5103
2026-03-09 08:58:23 - nn.expander - INFO - Train | Batch Loss: -7.4026
2026-03-09 08:58:24 - nn.expander - INFO - Train | Grad Norm: 9.3874

2026-03-09 08:58:24 - nn.expander - INFO - Train | Batch Size: 40 | Avg Precision: 0.7519 | Avg Recall: 0.3682
2026-03-09 08:58:24 - nn.expander - INFO - Train | Batch Loss: -21.2794
2026-03-09 08:58:24 - nn.expander - INFO - Train | Grad Norm: 10.7049

2026-03-09 08:58:24 - nn.expander - INFO - Train | Batch Size: 40 | Avg Precision: 0.7298 | Avg Recall: 0.4130
2026-03-09 08:58:24 - nn.expander - INFO - Train | Batch Loss: -31.8972
2026-03-09 08:58:24 - nn.expander - INFO - Train | Grad Norm: 9.7103

2026-03-09 08:58:25 - nn.expander - INFO - Train | Batch Size: 40 | Avg Precision: 0.7213 | Avg Recall: 0.4472
2026-03-09 08:58:25 - nn.expander - INFO - Train | Batch Loss: -14.8138
2026-03-09 08:58:25 - nn.expander - INFO - Train | Grad Norm: 6.6866

2026-03-09 08:58:25 - nn.expander - INFO - Train | Batch Size: 40 | Avg Precision: 0.7816 | Avg Recall: 0.4201
2026-03-09 08:58:25 - nn.expander - INFO - Train | Batch Loss: -3.5642
2026-03-09 08:58:25 - nn.expander - INFO - Train | Grad Norm: 3.4764

2026-03-09 08:58:25 - nn.expander - INFO - Train | Batch Size: 40 | Avg Precision: 0.8207 | Avg Recall: 0.4432
2026-03-09 08:58:25 - nn.expander - INFO - Train | Batch Loss: -3.2666
2026-03-09 08:58:25 - nn.expander - INFO - Train | Grad Norm: 4.4012

2026-03-09 08:58:25 - nn.expander - INFO - Train | Batch Size: 40 | Avg Precision: 0.7718 | Avg Recall: 0.4008
2026-03-09 08:58:25 - nn.expander - INFO - Train | Batch Loss: -11.9214
2026-03-09 08:58:25 - nn.expander - INFO - Train | Grad Norm: 24.8705

2026-03-09 08:58:25 - nn.expander - INFO - Train | Batch Size: 40 | Avg Precision: 0.8210 | Avg Recall: 0.3940
2026-03-09 08:58:25 - nn.expander - INFO - Train | Batch Loss: -12.3444
2026-03-09 08:58:25 - nn.expander - INFO - Train | Grad Norm: 23.3830

2026-03-09 08:58:26 - nn.expander - INFO - Train | Batch Size: 40 | Avg Precision: 0.7533 | Avg Recall: 0.3482
2026-03-09 08:58:26 - nn.expander - INFO - Train | Batch Loss: -38.0687
2026-03-09 08:58:26 - nn.expander - INFO - Train | Grad Norm: 26.4001

2026-03-09 08:58:26 - nn.expander - INFO - Train | Batch Size: 40 | Avg Precision: 0.7583 | Avg Recall: 0.4011
2026-03-09 08:58:26 - nn.expander - INFO - Train | Batch Loss: -2.7362
2026-03-09 08:58:26 - nn.expander - INFO - Train | Grad Norm: 13.6610

2026-03-09 08:58:26 - nn.expander - INFO - Train | Batch Size: 40 | Avg Precision: 0.7885 | Avg Recall: 0.4473
2026-03-09 08:58:26 - nn.expander - INFO - Train | Batch Loss: -10.2141
2026-03-09 08:58:26 - nn.expander - INFO - Train | Grad Norm: 8.5462

2026-03-09 08:58:26 - nn.expander - INFO - Train | Batch Size: 40 | Avg Precision: 0.7969 | Avg Recall: 0.4527
2026-03-09 08:58:26 - nn.expander - INFO - Train | Batch Loss: 3.2581
2026-03-09 08:58:27 - nn.expander - INFO - Train | Grad Norm: 12.5381

2026-03-09 08:58:27 - nn.expander - INFO - Train | Batch Size: 40 | Avg Precision: 0.8330 | Avg Recall: 0.4084
2026-03-09 08:58:27 - nn.expander - INFO - Train | Batch Loss: -8.2360
2026-03-09 08:58:27 - nn.expander - INFO - Train | Grad Norm: 5.8466

2026-03-09 08:58:27 - nn.expander - INFO - Train | Batch Size: 40 | Avg Precision: 0.8443 | Avg Recall: 0.4007
2026-03-09 08:58:27 - nn.expander - INFO - Train | Batch Loss: -12.6054
2026-03-09 08:58:27 - nn.expander - INFO - Train | Grad Norm: 9.1659

2026-03-09 08:58:27 - nn.expander - INFO - Train | Batch Size: 40 | Avg Precision: 0.8046 | Avg Recall: 0.4427
2026-03-09 08:58:27 - nn.expander - INFO - Train | Batch Loss: -11.5841
2026-03-09 08:58:27 - nn.expander - INFO - Train | Grad Norm: 22.4435

2026-03-09 08:58:27 - nn.expander - INFO - Train | Batch Size: 40 | Avg Precision: 0.9015 | Avg Recall: 0.4005
2026-03-09 08:58:27 - nn.expander - INFO - Train | Batch Loss: 1.6367
2026-03-09 08:58:27 - nn.expander - INFO - Train | Grad Norm: 6.1472

2026-03-09 08:58:27 - nn.expander - INFO - Train | Batch Size: 40 | Avg Precision: 0.8193 | Avg Recall: 0.3834
2026-03-09 08:58:27 - nn.expander - INFO - Train | Batch Loss: -7.7627
2026-03-09 08:58:27 - nn.expander - INFO - Train | Grad Norm: 5.0939

2026-03-09 08:58:28 - nn.expander - INFO - Train | Batch Size: 40 | Avg Precision: 0.8585 | Avg Recall: 0.4027
2026-03-09 08:58:28 - nn.expander - INFO - Train | Batch Loss: -3.1922
2026-03-09 08:58:28 - nn.expander - INFO - Train | Grad Norm: 17.6683

2026-03-09 08:58:28 - nn.expander - INFO - Train | Batch Size: 40 | Avg Precision: 0.7006 | Avg Recall: 0.4529
2026-03-09 08:58:28 - nn.expander - INFO - Train | Batch Loss: -10.3588
2026-03-09 08:58:28 - nn.expander - INFO - Train | Grad Norm: 6.2372

2026-03-09 08:58:28 - nn.expander - INFO - Train | Batch Size: 40 | Avg Precision: 0.9605 | Avg Recall: 0.4097
2026-03-09 08:58:28 - nn.expander - INFO - Train | Batch Loss: 2.6196
2026-03-09 08:58:28 - nn.expander - INFO - Train | Grad Norm: 3.0397

2026-03-09 08:58:28 - nn.expander - INFO - Train | Batch Size: 40 | Avg Precision: 0.8250 | Avg Recall: 0.3784
2026-03-09 08:58:28 - nn.expander - INFO - Train | Batch Loss: -14.9464
2026-03-09 08:58:28 - nn.expander - INFO - Train | Grad Norm: 12.9427

2026-03-09 08:58:28 - nn.expander - INFO - Train | Batch Size: 40 | Avg Precision: 0.8158 | Avg Recall: 0.4267
2026-03-09 08:58:28 - nn.expander - INFO - Train | Batch Loss: -10.0262
2026-03-09 08:58:28 - nn.expander - INFO - Train | Grad Norm: 7.5393

2026-03-09 08:58:28 - nn.expander - INFO - Train | Batch Size: 40 | Avg Precision: 0.9414 | Avg Recall: 0.4014
2026-03-09 08:58:28 - nn.expander - INFO - Train | Batch Loss: 4.8433
2026-03-09 08:58:28 - nn.expander - INFO - Train | Grad Norm: 6.6741

2026-03-09 08:58:28 - nn.expander - INFO - Train | Batch Size: 40 | Avg Precision: 0.8397 | Avg Recall: 0.4121
2026-03-09 08:58:28 - nn.expander - INFO - Train | Batch Loss: -6.6526
2026-03-09 08:58:29 - nn.expander - INFO - Train | Grad Norm: 5.0260

2026-03-09 08:58:29 - nn.expander - INFO - Train | Batch Size: 40 | Avg Precision: 0.7636 | Avg Recall: 0.4720
2026-03-09 08:58:29 - nn.expander - INFO - Train | Batch Loss: -23.4483
2026-03-09 08:58:29 - nn.expander - INFO - Train | Grad Norm: 12.0011

2026-03-09 08:58:29 - nn.expander - INFO - Train | Batch Size: 40 | Avg Precision: 0.8572 | Avg Recall: 0.3697
2026-03-09 08:58:29 - nn.expander - INFO - Train | Batch Loss: -6.1503
2026-03-09 08:58:29 - nn.expander - INFO - Train | Grad Norm: 5.2956

2026-03-09 08:58:29 - nn.expander - INFO - Train | Batch Size: 40 | Avg Precision: 0.7922 | Avg Recall: 0.4018
2026-03-09 08:58:29 - nn.expander - INFO - Train | Batch Loss: -14.3616
2026-03-09 08:58:29 - nn.expander - INFO - Train | Grad Norm: 4.3845

2026-03-09 08:58:30 - root - INFO - ✅ 数据集 elliptic 训练完成！最终测试集F1：0.6277
2026-03-09 08:58:30 - root - INFO - 
======================================================================
📊 所有数据集训练结果汇总
======================================================================
2026-03-09 08:58:30 - root - INFO - 数据集        | P      | R      | F1    
2026-03-09 08:58:30 - root - INFO - ----------------------------------------------------------------------
2026-03-09 08:58:30 - root - INFO - elliptic   | 0.8143 | 0.6233 | 0.6277
2026-03-09 08:58:30 - root - INFO - ✅ 所有数据集训练流程执行完毕！
2026-03-09 08:59:44 - root - INFO - ✅ 工作目录已设置为：/home/u2023312299/sci
2026-03-09 08:59:44 - root - INFO - 🔄 项目启动，开始执行数据集训练流程
2026-03-09 08:59:44 - root - INFO - 
📋 开始批量训练数据集：['elliptic'] (全局种子=2026)
2026-03-09 08:59:44 - root - INFO - 
======================================================================
🚀 开始训练数据集：elliptic (种子=2026)
======================================================================
2026-03-09 08:59:44 - root - INFO - ✅ 随机种子已设置为：2026
2026-03-09 08:59:44 - root - INFO - ✅ 加载数据集 elliptic 配置完成，核心参数：p_bias=10, len_penalty_coeff=0.99
2026-03-09 09:00:11 - nn.expander - INFO - Train | Batch Size: 40 | Avg Precision: 0.4245 | Avg Recall: 0.5020
2026-03-09 09:00:11 - nn.expander - INFO - Train | Batch Loss: -116.3171
2026-03-09 09:00:12 - nn.expander - INFO - Train | Grad Norm: 102.4471

2026-03-09 09:00:12 - nn.expander - INFO - Train | Batch Size: 40 | Avg Precision: 0.5243 | Avg Recall: 0.6135
2026-03-09 09:00:12 - nn.expander - INFO - Train | Batch Loss: -83.6375
2026-03-09 09:00:13 - nn.expander - INFO - Train | Grad Norm: 63.6867

2026-03-09 09:00:13 - nn.expander - INFO - Train | Batch Size: 40 | Avg Precision: 0.4341 | Avg Recall: 0.4861
2026-03-09 09:00:13 - nn.expander - INFO - Train | Batch Loss: -80.7287
2026-03-09 09:00:13 - nn.expander - INFO - Train | Grad Norm: 25.7883

2026-03-09 09:00:14 - nn.expander - INFO - Train | Batch Size: 40 | Avg Precision: 0.5816 | Avg Recall: 0.5178
2026-03-09 09:00:14 - nn.expander - INFO - Train | Batch Loss: -87.1908
2026-03-09 09:00:14 - nn.expander - INFO - Train | Grad Norm: 64.4360

2026-03-09 09:00:15 - nn.expander - INFO - Train | Batch Size: 40 | Avg Precision: 0.4335 | Avg Recall: 0.5034
2026-03-09 09:00:15 - nn.expander - INFO - Train | Batch Loss: -128.3005
2026-03-09 09:00:15 - nn.expander - INFO - Train | Grad Norm: 39.9413

2026-03-09 09:00:15 - nn.expander - INFO - Train | Batch Size: 40 | Avg Precision: 0.5329 | Avg Recall: 0.5740
2026-03-09 09:00:15 - nn.expander - INFO - Train | Batch Loss: -78.2018
2026-03-09 09:00:16 - nn.expander - INFO - Train | Grad Norm: 49.6612

2026-03-09 09:00:16 - nn.expander - INFO - Train | Batch Size: 40 | Avg Precision: 0.6292 | Avg Recall: 0.5035
2026-03-09 09:00:16 - nn.expander - INFO - Train | Batch Loss: -66.6452
2026-03-09 09:00:16 - nn.expander - INFO - Train | Grad Norm: 41.3900

2026-03-09 09:00:17 - nn.expander - INFO - Train | Batch Size: 40 | Avg Precision: 0.6137 | Avg Recall: 0.5544
2026-03-09 09:00:17 - nn.expander - INFO - Train | Batch Loss: -62.4626
2026-03-09 09:00:17 - nn.expander - INFO - Train | Grad Norm: 31.4290

2026-03-09 09:00:17 - nn.expander - INFO - Train | Batch Size: 40 | Avg Precision: 0.5982 | Avg Recall: 0.5549
2026-03-09 09:00:17 - nn.expander - INFO - Train | Batch Loss: -65.5077
2026-03-09 09:00:17 - nn.expander - INFO - Train | Grad Norm: 17.7913

2026-03-09 09:00:18 - nn.expander - INFO - Train | Batch Size: 40 | Avg Precision: 0.5291 | Avg Recall: 0.4895
2026-03-09 09:00:18 - nn.expander - INFO - Train | Batch Loss: -69.9042
2026-03-09 09:00:18 - nn.expander - INFO - Train | Grad Norm: 40.4964

2026-03-09 09:00:18 - nn.expander - INFO - Train | Batch Size: 40 | Avg Precision: 0.5983 | Avg Recall: 0.4225
2026-03-09 09:00:18 - nn.expander - INFO - Train | Batch Loss: -57.7382
2026-03-09 09:00:19 - nn.expander - INFO - Train | Grad Norm: 20.5443

2026-03-09 09:00:19 - nn.expander - INFO - Train | Batch Size: 40 | Avg Precision: 0.6419 | Avg Recall: 0.5155
2026-03-09 09:00:19 - nn.expander - INFO - Train | Batch Loss: -34.8970
2026-03-09 09:00:19 - nn.expander - INFO - Train | Grad Norm: 16.5397

2026-03-09 09:00:19 - nn.expander - INFO - Train | Batch Size: 40 | Avg Precision: 0.6367 | Avg Recall: 0.4188
2026-03-09 09:00:19 - nn.expander - INFO - Train | Batch Loss: -38.5461
2026-03-09 09:00:19 - nn.expander - INFO - Train | Grad Norm: 14.1709

2026-03-09 09:00:20 - nn.expander - INFO - Train | Batch Size: 40 | Avg Precision: 0.6931 | Avg Recall: 0.5103
2026-03-09 09:00:20 - nn.expander - INFO - Train | Batch Loss: -7.4026
2026-03-09 09:00:20 - nn.expander - INFO - Train | Grad Norm: 9.3874

2026-03-09 09:00:20 - nn.expander - INFO - Train | Batch Size: 40 | Avg Precision: 0.7519 | Avg Recall: 0.3682
2026-03-09 09:00:20 - nn.expander - INFO - Train | Batch Loss: -21.2794
2026-03-09 09:00:20 - nn.expander - INFO - Train | Grad Norm: 10.7049

2026-03-09 09:00:20 - nn.expander - INFO - Train | Batch Size: 40 | Avg Precision: 0.7298 | Avg Recall: 0.4130
2026-03-09 09:00:20 - nn.expander - INFO - Train | Batch Loss: -31.8972
2026-03-09 09:00:21 - nn.expander - INFO - Train | Grad Norm: 9.7103

2026-03-09 09:00:21 - nn.expander - INFO - Train | Batch Size: 40 | Avg Precision: 0.7213 | Avg Recall: 0.4472
2026-03-09 09:00:21 - nn.expander - INFO - Train | Batch Loss: -14.8138
2026-03-09 09:00:21 - nn.expander - INFO - Train | Grad Norm: 6.6866

2026-03-09 09:00:21 - nn.expander - INFO - Train | Batch Size: 40 | Avg Precision: 0.7816 | Avg Recall: 0.4201
2026-03-09 09:00:21 - nn.expander - INFO - Train | Batch Loss: -3.5642
2026-03-09 09:00:21 - nn.expander - INFO - Train | Grad Norm: 3.4764

2026-03-09 09:00:21 - nn.expander - INFO - Train | Batch Size: 40 | Avg Precision: 0.8207 | Avg Recall: 0.4432
2026-03-09 09:00:21 - nn.expander - INFO - Train | Batch Loss: -3.2666
2026-03-09 09:00:21 - nn.expander - INFO - Train | Grad Norm: 4.4012

2026-03-09 09:00:21 - nn.expander - INFO - Train | Batch Size: 40 | Avg Precision: 0.7718 | Avg Recall: 0.4008
2026-03-09 09:00:21 - nn.expander - INFO - Train | Batch Loss: -11.9214
2026-03-09 09:00:22 - nn.expander - INFO - Train | Grad Norm: 24.8705

2026-03-09 09:00:22 - nn.expander - INFO - Train | Batch Size: 40 | Avg Precision: 0.8210 | Avg Recall: 0.3940
2026-03-09 09:00:22 - nn.expander - INFO - Train | Batch Loss: -12.3444
2026-03-09 09:00:22 - nn.expander - INFO - Train | Grad Norm: 23.3830

2026-03-09 09:00:22 - nn.expander - INFO - Train | Batch Size: 40 | Avg Precision: 0.7533 | Avg Recall: 0.3482
2026-03-09 09:00:22 - nn.expander - INFO - Train | Batch Loss: -38.0687
2026-03-09 09:00:23 - nn.expander - INFO - Train | Grad Norm: 26.4001

2026-03-09 09:00:23 - nn.expander - INFO - Train | Batch Size: 40 | Avg Precision: 0.7583 | Avg Recall: 0.4011
2026-03-09 09:00:23 - nn.expander - INFO - Train | Batch Loss: -2.7362
2026-03-09 09:00:23 - nn.expander - INFO - Train | Grad Norm: 13.6610

2026-03-09 09:00:23 - nn.expander - INFO - Train | Batch Size: 40 | Avg Precision: 0.7885 | Avg Recall: 0.4473
2026-03-09 09:00:23 - nn.expander - INFO - Train | Batch Loss: -10.2141
2026-03-09 09:00:23 - nn.expander - INFO - Train | Grad Norm: 8.5462

2026-03-09 09:00:23 - nn.expander - INFO - Train | Batch Size: 40 | Avg Precision: 0.7969 | Avg Recall: 0.4527
2026-03-09 09:00:23 - nn.expander - INFO - Train | Batch Loss: 3.2581
2026-03-09 09:00:23 - nn.expander - INFO - Train | Grad Norm: 12.5381

2026-03-09 09:00:23 - nn.expander - INFO - Train | Batch Size: 40 | Avg Precision: 0.8330 | Avg Recall: 0.4084
2026-03-09 09:00:23 - nn.expander - INFO - Train | Batch Loss: -8.2360
2026-03-09 09:00:23 - nn.expander - INFO - Train | Grad Norm: 5.8466

2026-03-09 09:00:24 - nn.expander - INFO - Train | Batch Size: 40 | Avg Precision: 0.8443 | Avg Recall: 0.4007
2026-03-09 09:00:24 - nn.expander - INFO - Train | Batch Loss: -12.6054
2026-03-09 09:00:24 - nn.expander - INFO - Train | Grad Norm: 9.1659

2026-03-09 09:00:24 - nn.expander - INFO - Train | Batch Size: 40 | Avg Precision: 0.8046 | Avg Recall: 0.4427
2026-03-09 09:00:24 - nn.expander - INFO - Train | Batch Loss: -11.5841
2026-03-09 09:00:24 - nn.expander - INFO - Train | Grad Norm: 22.4435

2026-03-09 09:00:24 - nn.expander - INFO - Train | Batch Size: 40 | Avg Precision: 0.9015 | Avg Recall: 0.4005
2026-03-09 09:00:24 - nn.expander - INFO - Train | Batch Loss: 1.6367
2026-03-09 09:00:24 - nn.expander - INFO - Train | Grad Norm: 6.1472

2026-03-09 09:00:24 - nn.expander - INFO - Train | Batch Size: 40 | Avg Precision: 0.8193 | Avg Recall: 0.3834
2026-03-09 09:00:24 - nn.expander - INFO - Train | Batch Loss: -7.7627
2026-03-09 09:00:24 - nn.expander - INFO - Train | Grad Norm: 5.0939

2026-03-09 09:00:24 - nn.expander - INFO - Train | Batch Size: 40 | Avg Precision: 0.8585 | Avg Recall: 0.4027
2026-03-09 09:00:24 - nn.expander - INFO - Train | Batch Loss: -3.1922
2026-03-09 09:00:24 - nn.expander - INFO - Train | Grad Norm: 17.6683

2026-03-09 09:00:24 - nn.expander - INFO - Train | Batch Size: 40 | Avg Precision: 0.7006 | Avg Recall: 0.4529
2026-03-09 09:00:24 - nn.expander - INFO - Train | Batch Loss: -10.3588
2026-03-09 09:00:25 - nn.expander - INFO - Train | Grad Norm: 6.2372

2026-03-09 09:00:25 - nn.expander - INFO - Train | Batch Size: 40 | Avg Precision: 0.9605 | Avg Recall: 0.4097
2026-03-09 09:00:25 - nn.expander - INFO - Train | Batch Loss: 2.6196
2026-03-09 09:00:25 - nn.expander - INFO - Train | Grad Norm: 3.0397

2026-03-09 09:00:25 - nn.expander - INFO - Train | Batch Size: 40 | Avg Precision: 0.8250 | Avg Recall: 0.3784
2026-03-09 09:00:25 - nn.expander - INFO - Train | Batch Loss: -14.9464
2026-03-09 09:00:25 - nn.expander - INFO - Train | Grad Norm: 12.9427

2026-03-09 09:00:25 - nn.expander - INFO - Train | Batch Size: 40 | Avg Precision: 0.8158 | Avg Recall: 0.4267
2026-03-09 09:00:25 - nn.expander - INFO - Train | Batch Loss: -10.0262
2026-03-09 09:00:25 - nn.expander - INFO - Train | Grad Norm: 7.5393

2026-03-09 09:00:25 - nn.expander - INFO - Train | Batch Size: 40 | Avg Precision: 0.9414 | Avg Recall: 0.4014
2026-03-09 09:00:25 - nn.expander - INFO - Train | Batch Loss: 4.8433
2026-03-09 09:00:25 - nn.expander - INFO - Train | Grad Norm: 6.6741

2026-03-09 09:00:25 - nn.expander - INFO - Train | Batch Size: 40 | Avg Precision: 0.8397 | Avg Recall: 0.4121
2026-03-09 09:00:25 - nn.expander - INFO - Train | Batch Loss: -6.6526
2026-03-09 09:00:25 - nn.expander - INFO - Train | Grad Norm: 5.0260

2026-03-09 09:00:25 - nn.expander - INFO - Train | Batch Size: 40 | Avg Precision: 0.7636 | Avg Recall: 0.4720
2026-03-09 09:00:25 - nn.expander - INFO - Train | Batch Loss: -23.4483
2026-03-09 09:00:26 - nn.expander - INFO - Train | Grad Norm: 12.0011

2026-03-09 09:00:26 - nn.expander - INFO - Train | Batch Size: 40 | Avg Precision: 0.8572 | Avg Recall: 0.3697
2026-03-09 09:00:26 - nn.expander - INFO - Train | Batch Loss: -6.1503
2026-03-09 09:00:26 - nn.expander - INFO - Train | Grad Norm: 5.2956

2026-03-09 09:00:26 - nn.expander - INFO - Train | Batch Size: 40 | Avg Precision: 0.7922 | Avg Recall: 0.4018
2026-03-09 09:00:26 - nn.expander - INFO - Train | Batch Loss: -14.3616
2026-03-09 09:00:26 - nn.expander - INFO - Train | Grad Norm: 4.3845

2026-03-09 09:00:26 - root - INFO - ✅ 数据集 elliptic 训练完成！最终测试集F1：0.5630
2026-03-09 09:00:26 - root - INFO - 
======================================================================
📊 所有数据集训练结果汇总
======================================================================
2026-03-09 09:00:26 - root - INFO - 数据集        | P      | R      | F1    
2026-03-09 09:00:26 - root - INFO - ----------------------------------------------------------------------
2026-03-09 09:00:26 - root - INFO - elliptic   | 0.8104 | 0.5733 | 0.5630
2026-03-09 09:00:26 - root - INFO - ✅ 所有数据集训练流程执行完毕！
2026-03-09 09:01:45 - root - INFO - ✅ 工作目录已设置为：/home/u2023312299/sci
2026-03-09 09:01:45 - root - INFO - 🔄 项目启动，开始执行数据集训练流程
2026-03-09 09:01:45 - root - INFO - 
📋 开始批量训练数据集：['elliptic'] (全局种子=2026)
2026-03-09 09:01:45 - root - INFO - 
======================================================================
🚀 开始训练数据集：elliptic (种子=2026)
======================================================================
2026-03-09 09:01:45 - root - INFO - ✅ 随机种子已设置为：2026
2026-03-09 09:01:45 - root - INFO - ✅ 加载数据集 elliptic 配置完成，核心参数：p_bias=10, len_penalty_coeff=0.99
2026-03-09 09:02:12 - nn.expander - INFO - Train | Batch Size: 40 | Avg Precision: 0.4245 | Avg Recall: 0.5020
2026-03-09 09:02:12 - nn.expander - INFO - Train | Batch Loss: -116.3171
2026-03-09 09:02:12 - nn.expander - INFO - Train | Grad Norm: 102.4471

2026-03-09 09:02:13 - nn.expander - INFO - Train | Batch Size: 40 | Avg Precision: 0.5243 | Avg Recall: 0.6135
2026-03-09 09:02:13 - nn.expander - INFO - Train | Batch Loss: -83.6375
2026-03-09 09:02:13 - nn.expander - INFO - Train | Grad Norm: 63.6867

2026-03-09 09:02:14 - nn.expander - INFO - Train | Batch Size: 40 | Avg Precision: 0.4341 | Avg Recall: 0.4861
2026-03-09 09:02:14 - nn.expander - INFO - Train | Batch Loss: -80.7287
2026-03-09 09:02:14 - nn.expander - INFO - Train | Grad Norm: 25.7883

2026-03-09 09:02:15 - nn.expander - INFO - Train | Batch Size: 40 | Avg Precision: 0.5816 | Avg Recall: 0.5178
2026-03-09 09:02:15 - nn.expander - INFO - Train | Batch Loss: -87.1908
2026-03-09 09:02:15 - nn.expander - INFO - Train | Grad Norm: 64.4360

2026-03-09 09:02:15 - nn.expander - INFO - Train | Batch Size: 40 | Avg Precision: 0.4335 | Avg Recall: 0.5034
2026-03-09 09:02:15 - nn.expander - INFO - Train | Batch Loss: -128.3005
2026-03-09 09:02:16 - nn.expander - INFO - Train | Grad Norm: 39.9413

2026-03-09 09:02:16 - nn.expander - INFO - Train | Batch Size: 40 | Avg Precision: 0.5329 | Avg Recall: 0.5740
2026-03-09 09:02:16 - nn.expander - INFO - Train | Batch Loss: -78.2018
2026-03-09 09:02:17 - nn.expander - INFO - Train | Grad Norm: 49.6612

2026-03-09 09:02:17 - nn.expander - INFO - Train | Batch Size: 40 | Avg Precision: 0.6292 | Avg Recall: 0.5035
2026-03-09 09:02:17 - nn.expander - INFO - Train | Batch Loss: -66.6452
2026-03-09 09:02:17 - nn.expander - INFO - Train | Grad Norm: 41.3900

2026-03-09 09:02:17 - nn.expander - INFO - Train | Batch Size: 40 | Avg Precision: 0.6137 | Avg Recall: 0.5544
2026-03-09 09:02:17 - nn.expander - INFO - Train | Batch Loss: -62.4626
2026-03-09 09:02:18 - nn.expander - INFO - Train | Grad Norm: 31.4290

2026-03-09 09:02:18 - nn.expander - INFO - Train | Batch Size: 40 | Avg Precision: 0.5982 | Avg Recall: 0.5549
2026-03-09 09:02:18 - nn.expander - INFO - Train | Batch Loss: -65.5077
2026-03-09 09:02:18 - nn.expander - INFO - Train | Grad Norm: 17.7913

2026-03-09 09:02:19 - nn.expander - INFO - Train | Batch Size: 40 | Avg Precision: 0.5291 | Avg Recall: 0.4895
2026-03-09 09:02:19 - nn.expander - INFO - Train | Batch Loss: -69.9042
2026-03-09 09:02:19 - nn.expander - INFO - Train | Grad Norm: 40.4964

2026-03-09 09:02:19 - nn.expander - INFO - Train | Batch Size: 40 | Avg Precision: 0.5983 | Avg Recall: 0.4225
2026-03-09 09:02:19 - nn.expander - INFO - Train | Batch Loss: -57.7382
2026-03-09 09:02:19 - nn.expander - INFO - Train | Grad Norm: 20.5443

2026-03-09 09:02:20 - nn.expander - INFO - Train | Batch Size: 40 | Avg Precision: 0.6419 | Avg Recall: 0.5155
2026-03-09 09:02:20 - nn.expander - INFO - Train | Batch Loss: -34.8970
2026-03-09 09:02:20 - nn.expander - INFO - Train | Grad Norm: 16.5397

2026-03-09 09:02:20 - nn.expander - INFO - Train | Batch Size: 40 | Avg Precision: 0.6367 | Avg Recall: 0.4188
2026-03-09 09:02:20 - nn.expander - INFO - Train | Batch Loss: -38.5461
2026-03-09 09:02:20 - nn.expander - INFO - Train | Grad Norm: 14.1709

2026-03-09 09:02:21 - nn.expander - INFO - Train | Batch Size: 40 | Avg Precision: 0.6931 | Avg Recall: 0.5103
2026-03-09 09:02:21 - nn.expander - INFO - Train | Batch Loss: -7.4026
2026-03-09 09:02:21 - nn.expander - INFO - Train | Grad Norm: 9.3874

2026-03-09 09:02:21 - nn.expander - INFO - Train | Batch Size: 40 | Avg Precision: 0.7519 | Avg Recall: 0.3682
2026-03-09 09:02:21 - nn.expander - INFO - Train | Batch Loss: -21.2794
2026-03-09 09:02:21 - nn.expander - INFO - Train | Grad Norm: 10.7049

2026-03-09 09:02:21 - nn.expander - INFO - Train | Batch Size: 40 | Avg Precision: 0.7298 | Avg Recall: 0.4130
2026-03-09 09:02:21 - nn.expander - INFO - Train | Batch Loss: -31.8972
2026-03-09 09:02:21 - nn.expander - INFO - Train | Grad Norm: 9.7103

2026-03-09 09:02:22 - nn.expander - INFO - Train | Batch Size: 40 | Avg Precision: 0.7213 | Avg Recall: 0.4472
2026-03-09 09:02:22 - nn.expander - INFO - Train | Batch Loss: -14.8138
2026-03-09 09:02:22 - nn.expander - INFO - Train | Grad Norm: 6.6866

2026-03-09 09:02:22 - nn.expander - INFO - Train | Batch Size: 40 | Avg Precision: 0.7816 | Avg Recall: 0.4201
2026-03-09 09:02:22 - nn.expander - INFO - Train | Batch Loss: -3.5642
2026-03-09 09:02:22 - nn.expander - INFO - Train | Grad Norm: 3.4764

2026-03-09 09:02:22 - nn.expander - INFO - Train | Batch Size: 40 | Avg Precision: 0.8207 | Avg Recall: 0.4432
2026-03-09 09:02:22 - nn.expander - INFO - Train | Batch Loss: -3.2666
2026-03-09 09:02:22 - nn.expander - INFO - Train | Grad Norm: 4.4012

2026-03-09 09:02:22 - nn.expander - INFO - Train | Batch Size: 40 | Avg Precision: 0.7718 | Avg Recall: 0.4008
2026-03-09 09:02:22 - nn.expander - INFO - Train | Batch Loss: -11.9214
2026-03-09 09:02:22 - nn.expander - INFO - Train | Grad Norm: 24.8705

2026-03-09 09:02:22 - nn.expander - INFO - Train | Batch Size: 40 | Avg Precision: 0.8210 | Avg Recall: 0.3940
2026-03-09 09:02:22 - nn.expander - INFO - Train | Batch Loss: -12.3444
2026-03-09 09:02:22 - nn.expander - INFO - Train | Grad Norm: 23.3830

2026-03-09 09:02:23 - nn.expander - INFO - Train | Batch Size: 40 | Avg Precision: 0.7533 | Avg Recall: 0.3482
2026-03-09 09:02:23 - nn.expander - INFO - Train | Batch Loss: -38.0687
2026-03-09 09:02:23 - nn.expander - INFO - Train | Grad Norm: 26.4001

2026-03-09 09:02:23 - nn.expander - INFO - Train | Batch Size: 40 | Avg Precision: 0.7583 | Avg Recall: 0.4011
2026-03-09 09:02:23 - nn.expander - INFO - Train | Batch Loss: -2.7362
2026-03-09 09:02:23 - nn.expander - INFO - Train | Grad Norm: 13.6610

2026-03-09 09:02:23 - nn.expander - INFO - Train | Batch Size: 40 | Avg Precision: 0.7885 | Avg Recall: 0.4473
2026-03-09 09:02:23 - nn.expander - INFO - Train | Batch Loss: -10.2141
2026-03-09 09:02:23 - nn.expander - INFO - Train | Grad Norm: 8.5462

2026-03-09 09:02:24 - nn.expander - INFO - Train | Batch Size: 40 | Avg Precision: 0.7969 | Avg Recall: 0.4527
2026-03-09 09:02:24 - nn.expander - INFO - Train | Batch Loss: 3.2581
2026-03-09 09:02:24 - nn.expander - INFO - Train | Grad Norm: 12.5381

2026-03-09 09:02:24 - nn.expander - INFO - Train | Batch Size: 40 | Avg Precision: 0.8330 | Avg Recall: 0.4084
2026-03-09 09:02:24 - nn.expander - INFO - Train | Batch Loss: -8.2360
2026-03-09 09:02:24 - nn.expander - INFO - Train | Grad Norm: 5.8466

2026-03-09 09:02:24 - nn.expander - INFO - Train | Batch Size: 40 | Avg Precision: 0.8443 | Avg Recall: 0.4007
2026-03-09 09:02:24 - nn.expander - INFO - Train | Batch Loss: -12.6054
2026-03-09 09:02:24 - nn.expander - INFO - Train | Grad Norm: 9.1659

2026-03-09 09:02:24 - nn.expander - INFO - Train | Batch Size: 40 | Avg Precision: 0.8046 | Avg Recall: 0.4427
2026-03-09 09:02:24 - nn.expander - INFO - Train | Batch Loss: -11.5841
2026-03-09 09:02:24 - nn.expander - INFO - Train | Grad Norm: 22.4435

2026-03-09 09:02:24 - nn.expander - INFO - Train | Batch Size: 40 | Avg Precision: 0.9015 | Avg Recall: 0.4005
2026-03-09 09:02:24 - nn.expander - INFO - Train | Batch Loss: 1.6367
2026-03-09 09:02:24 - nn.expander - INFO - Train | Grad Norm: 6.1472

2026-03-09 09:02:24 - nn.expander - INFO - Train | Batch Size: 40 | Avg Precision: 0.8193 | Avg Recall: 0.3834
2026-03-09 09:02:24 - nn.expander - INFO - Train | Batch Loss: -7.7627
2026-03-09 09:02:25 - nn.expander - INFO - Train | Grad Norm: 5.0939

2026-03-09 09:02:25 - nn.expander - INFO - Train | Batch Size: 40 | Avg Precision: 0.8585 | Avg Recall: 0.4027
2026-03-09 09:02:25 - nn.expander - INFO - Train | Batch Loss: -3.1922
2026-03-09 09:02:25 - nn.expander - INFO - Train | Grad Norm: 17.6683

2026-03-09 09:02:25 - nn.expander - INFO - Train | Batch Size: 40 | Avg Precision: 0.7006 | Avg Recall: 0.4529
2026-03-09 09:02:25 - nn.expander - INFO - Train | Batch Loss: -10.3588
2026-03-09 09:02:25 - nn.expander - INFO - Train | Grad Norm: 6.2372

2026-03-09 09:02:25 - nn.expander - INFO - Train | Batch Size: 40 | Avg Precision: 0.9605 | Avg Recall: 0.4097
2026-03-09 09:02:25 - nn.expander - INFO - Train | Batch Loss: 2.6196
2026-03-09 09:02:25 - nn.expander - INFO - Train | Grad Norm: 3.0397

2026-03-09 09:02:25 - nn.expander - INFO - Train | Batch Size: 40 | Avg Precision: 0.8250 | Avg Recall: 0.3784
2026-03-09 09:02:25 - nn.expander - INFO - Train | Batch Loss: -14.9464
2026-03-09 09:02:25 - nn.expander - INFO - Train | Grad Norm: 12.9427

2026-03-09 09:02:25 - nn.expander - INFO - Train | Batch Size: 40 | Avg Precision: 0.8158 | Avg Recall: 0.4267
2026-03-09 09:02:25 - nn.expander - INFO - Train | Batch Loss: -10.0262
2026-03-09 09:02:25 - nn.expander - INFO - Train | Grad Norm: 7.5393

2026-03-09 09:02:26 - nn.expander - INFO - Train | Batch Size: 40 | Avg Precision: 0.9414 | Avg Recall: 0.4014
2026-03-09 09:02:26 - nn.expander - INFO - Train | Batch Loss: 4.8433
2026-03-09 09:02:26 - nn.expander - INFO - Train | Grad Norm: 6.6741

2026-03-09 09:02:26 - nn.expander - INFO - Train | Batch Size: 40 | Avg Precision: 0.8397 | Avg Recall: 0.4121
2026-03-09 09:02:26 - nn.expander - INFO - Train | Batch Loss: -6.6526
2026-03-09 09:02:26 - nn.expander - INFO - Train | Grad Norm: 5.0260

2026-03-09 09:02:26 - nn.expander - INFO - Train | Batch Size: 40 | Avg Precision: 0.7636 | Avg Recall: 0.4720
2026-03-09 09:02:26 - nn.expander - INFO - Train | Batch Loss: -23.4483
2026-03-09 09:02:26 - nn.expander - INFO - Train | Grad Norm: 12.0011

2026-03-09 09:02:26 - nn.expander - INFO - Train | Batch Size: 40 | Avg Precision: 0.8572 | Avg Recall: 0.3697
2026-03-09 09:02:26 - nn.expander - INFO - Train | Batch Loss: -6.1503
2026-03-09 09:02:26 - nn.expander - INFO - Train | Grad Norm: 5.2956

2026-03-09 09:02:26 - nn.expander - INFO - Train | Batch Size: 40 | Avg Precision: 0.7922 | Avg Recall: 0.4018
2026-03-09 09:02:26 - nn.expander - INFO - Train | Batch Loss: -14.3616
2026-03-09 09:02:26 - nn.expander - INFO - Train | Grad Norm: 4.3845

2026-03-09 09:02:27 - root - INFO - ✅ 数据集 elliptic 训练完成！最终测试集F1：0.5680
2026-03-09 09:02:27 - root - INFO - 
======================================================================
📊 所有数据集训练结果汇总
======================================================================
2026-03-09 09:02:27 - root - INFO - 数据集        | P      | R      | F1    
2026-03-09 09:02:27 - root - INFO - ----------------------------------------------------------------------
2026-03-09 09:02:27 - root - INFO - elliptic   | 0.8587 | 0.5493 | 0.5680
2026-03-09 09:02:27 - root - INFO - ✅ 所有数据集训练流程执行完毕！
2026-03-09 09:02:41 - root - INFO - ✅ 工作目录已设置为：/home/u2023312299/sci
2026-03-09 09:02:41 - root - INFO - 🔄 项目启动，开始执行数据集训练流程
2026-03-09 09:02:41 - root - INFO - 
📋 开始批量训练数据集：['elliptic'] (全局种子=2026)
2026-03-09 09:02:41 - root - INFO - 
======================================================================
🚀 开始训练数据集：elliptic (种子=2026)
======================================================================
2026-03-09 09:02:41 - root - INFO - ✅ 随机种子已设置为：2026
2026-03-09 09:02:41 - root - INFO - ✅ 加载数据集 elliptic 配置完成，核心参数：p_bias=10, len_penalty_coeff=0.99
2026-03-09 09:03:07 - nn.expander - INFO - Train | Batch Size: 40 | Avg Precision: 0.4245 | Avg Recall: 0.5020
2026-03-09 09:03:07 - nn.expander - INFO - Train | Batch Loss: -116.3171
2026-03-09 09:03:08 - nn.expander - INFO - Train | Grad Norm: 102.4471

2026-03-09 09:03:08 - nn.expander - INFO - Train | Batch Size: 40 | Avg Precision: 0.5243 | Avg Recall: 0.6135
2026-03-09 09:03:08 - nn.expander - INFO - Train | Batch Loss: -83.6375
2026-03-09 09:03:09 - nn.expander - INFO - Train | Grad Norm: 63.6867

2026-03-09 09:03:09 - nn.expander - INFO - Train | Batch Size: 40 | Avg Precision: 0.4341 | Avg Recall: 0.4861
2026-03-09 09:03:09 - nn.expander - INFO - Train | Batch Loss: -80.7287
2026-03-09 09:03:10 - nn.expander - INFO - Train | Grad Norm: 25.7883

2026-03-09 09:03:10 - nn.expander - INFO - Train | Batch Size: 40 | Avg Precision: 0.5816 | Avg Recall: 0.5178
2026-03-09 09:03:10 - nn.expander - INFO - Train | Batch Loss: -87.1908
2026-03-09 09:03:10 - nn.expander - INFO - Train | Grad Norm: 64.4360

2026-03-09 09:03:11 - nn.expander - INFO - Train | Batch Size: 40 | Avg Precision: 0.4335 | Avg Recall: 0.5034
2026-03-09 09:03:11 - nn.expander - INFO - Train | Batch Loss: -128.3005
2026-03-09 09:03:11 - nn.expander - INFO - Train | Grad Norm: 39.9413

2026-03-09 09:03:12 - nn.expander - INFO - Train | Batch Size: 40 | Avg Precision: 0.5329 | Avg Recall: 0.5740
2026-03-09 09:03:12 - nn.expander - INFO - Train | Batch Loss: -78.2018
2026-03-09 09:03:12 - nn.expander - INFO - Train | Grad Norm: 49.6612

2026-03-09 09:03:12 - nn.expander - INFO - Train | Batch Size: 40 | Avg Precision: 0.6292 | Avg Recall: 0.5035
2026-03-09 09:03:12 - nn.expander - INFO - Train | Batch Loss: -66.6452
2026-03-09 09:03:13 - nn.expander - INFO - Train | Grad Norm: 41.3900

2026-03-09 09:03:13 - nn.expander - INFO - Train | Batch Size: 40 | Avg Precision: 0.6137 | Avg Recall: 0.5544
2026-03-09 09:03:13 - nn.expander - INFO - Train | Batch Loss: -62.4626
2026-03-09 09:03:13 - nn.expander - INFO - Train | Grad Norm: 31.4290

2026-03-09 09:03:13 - nn.expander - INFO - Train | Batch Size: 40 | Avg Precision: 0.5982 | Avg Recall: 0.5549
2026-03-09 09:03:13 - nn.expander - INFO - Train | Batch Loss: -65.5077
2026-03-09 09:03:14 - nn.expander - INFO - Train | Grad Norm: 17.7913

2026-03-09 09:03:14 - nn.expander - INFO - Train | Batch Size: 40 | Avg Precision: 0.5291 | Avg Recall: 0.4895
2026-03-09 09:03:14 - nn.expander - INFO - Train | Batch Loss: -69.9042
2026-03-09 09:03:14 - nn.expander - INFO - Train | Grad Norm: 40.4964

2026-03-09 09:03:15 - nn.expander - INFO - Train | Batch Size: 40 | Avg Precision: 0.5983 | Avg Recall: 0.4225
2026-03-09 09:03:15 - nn.expander - INFO - Train | Batch Loss: -57.7382
2026-03-09 09:03:15 - nn.expander - INFO - Train | Grad Norm: 20.5443

2026-03-09 09:03:15 - nn.expander - INFO - Train | Batch Size: 40 | Avg Precision: 0.6419 | Avg Recall: 0.5155
2026-03-09 09:03:15 - nn.expander - INFO - Train | Batch Loss: -34.8970
2026-03-09 09:03:15 - nn.expander - INFO - Train | Grad Norm: 16.5397

2026-03-09 09:03:16 - nn.expander - INFO - Train | Batch Size: 40 | Avg Precision: 0.6367 | Avg Recall: 0.4188
2026-03-09 09:03:16 - nn.expander - INFO - Train | Batch Loss: -38.5461
2026-03-09 09:03:16 - nn.expander - INFO - Train | Grad Norm: 14.1709

2026-03-09 09:03:16 - nn.expander - INFO - Train | Batch Size: 40 | Avg Precision: 0.6931 | Avg Recall: 0.5103
2026-03-09 09:03:16 - nn.expander - INFO - Train | Batch Loss: -7.4026
2026-03-09 09:03:16 - nn.expander - INFO - Train | Grad Norm: 9.3874

2026-03-09 09:03:16 - nn.expander - INFO - Train | Batch Size: 40 | Avg Precision: 0.7519 | Avg Recall: 0.3682
2026-03-09 09:03:16 - nn.expander - INFO - Train | Batch Loss: -21.2794
2026-03-09 09:03:16 - nn.expander - INFO - Train | Grad Norm: 10.7049

2026-03-09 09:03:17 - nn.expander - INFO - Train | Batch Size: 40 | Avg Precision: 0.7298 | Avg Recall: 0.4130
2026-03-09 09:03:17 - nn.expander - INFO - Train | Batch Loss: -31.8972
2026-03-09 09:03:17 - nn.expander - INFO - Train | Grad Norm: 9.7103

2026-03-09 09:03:17 - nn.expander - INFO - Train | Batch Size: 40 | Avg Precision: 0.7213 | Avg Recall: 0.4472
2026-03-09 09:03:17 - nn.expander - INFO - Train | Batch Loss: -14.8138
2026-03-09 09:03:17 - nn.expander - INFO - Train | Grad Norm: 6.6866

2026-03-09 09:03:17 - nn.expander - INFO - Train | Batch Size: 40 | Avg Precision: 0.7816 | Avg Recall: 0.4201
2026-03-09 09:03:17 - nn.expander - INFO - Train | Batch Loss: -3.5642
2026-03-09 09:03:17 - nn.expander - INFO - Train | Grad Norm: 3.4764

2026-03-09 09:03:17 - nn.expander - INFO - Train | Batch Size: 40 | Avg Precision: 0.8207 | Avg Recall: 0.4432
2026-03-09 09:03:17 - nn.expander - INFO - Train | Batch Loss: -3.2666
2026-03-09 09:03:17 - nn.expander - INFO - Train | Grad Norm: 4.4012

2026-03-09 09:03:18 - nn.expander - INFO - Train | Batch Size: 40 | Avg Precision: 0.7718 | Avg Recall: 0.4008
2026-03-09 09:03:18 - nn.expander - INFO - Train | Batch Loss: -11.9214
2026-03-09 09:03:18 - nn.expander - INFO - Train | Grad Norm: 24.8705

2026-03-09 09:03:18 - nn.expander - INFO - Train | Batch Size: 40 | Avg Precision: 0.8210 | Avg Recall: 0.3940
2026-03-09 09:03:18 - nn.expander - INFO - Train | Batch Loss: -12.3444
2026-03-09 09:03:18 - nn.expander - INFO - Train | Grad Norm: 23.3830

2026-03-09 09:03:18 - nn.expander - INFO - Train | Batch Size: 40 | Avg Precision: 0.7533 | Avg Recall: 0.3482
2026-03-09 09:03:18 - nn.expander - INFO - Train | Batch Loss: -38.0687
2026-03-09 09:03:18 - nn.expander - INFO - Train | Grad Norm: 26.4001

2026-03-09 09:03:19 - nn.expander - INFO - Train | Batch Size: 40 | Avg Precision: 0.7583 | Avg Recall: 0.4011
2026-03-09 09:03:19 - nn.expander - INFO - Train | Batch Loss: -2.7362
2026-03-09 09:03:19 - nn.expander - INFO - Train | Grad Norm: 13.6610

2026-03-09 09:03:19 - nn.expander - INFO - Train | Batch Size: 40 | Avg Precision: 0.7885 | Avg Recall: 0.4473
2026-03-09 09:03:19 - nn.expander - INFO - Train | Batch Loss: -10.2141
2026-03-09 09:03:19 - nn.expander - INFO - Train | Grad Norm: 8.5462

2026-03-09 09:03:19 - nn.expander - INFO - Train | Batch Size: 40 | Avg Precision: 0.7969 | Avg Recall: 0.4527
2026-03-09 09:03:19 - nn.expander - INFO - Train | Batch Loss: 3.2581
2026-03-09 09:03:19 - nn.expander - INFO - Train | Grad Norm: 12.5381

2026-03-09 09:03:19 - nn.expander - INFO - Train | Batch Size: 40 | Avg Precision: 0.8330 | Avg Recall: 0.4084
2026-03-09 09:03:19 - nn.expander - INFO - Train | Batch Loss: -8.2360
2026-03-09 09:03:19 - nn.expander - INFO - Train | Grad Norm: 5.8466

2026-03-09 09:03:19 - nn.expander - INFO - Train | Batch Size: 40 | Avg Precision: 0.8443 | Avg Recall: 0.4007
2026-03-09 09:03:19 - nn.expander - INFO - Train | Batch Loss: -12.6054
2026-03-09 09:03:20 - nn.expander - INFO - Train | Grad Norm: 9.1659

2026-03-09 09:03:20 - nn.expander - INFO - Train | Batch Size: 40 | Avg Precision: 0.8046 | Avg Recall: 0.4427
2026-03-09 09:03:20 - nn.expander - INFO - Train | Batch Loss: -11.5841
2026-03-09 09:03:20 - nn.expander - INFO - Train | Grad Norm: 22.4435

2026-03-09 09:03:20 - nn.expander - INFO - Train | Batch Size: 40 | Avg Precision: 0.9015 | Avg Recall: 0.4005
2026-03-09 09:03:20 - nn.expander - INFO - Train | Batch Loss: 1.6367
2026-03-09 09:03:20 - nn.expander - INFO - Train | Grad Norm: 6.1472

2026-03-09 09:03:20 - nn.expander - INFO - Train | Batch Size: 40 | Avg Precision: 0.8193 | Avg Recall: 0.3834
2026-03-09 09:03:20 - nn.expander - INFO - Train | Batch Loss: -7.7627
2026-03-09 09:03:20 - nn.expander - INFO - Train | Grad Norm: 5.0939

2026-03-09 09:03:20 - nn.expander - INFO - Train | Batch Size: 40 | Avg Precision: 0.8585 | Avg Recall: 0.4027
2026-03-09 09:03:20 - nn.expander - INFO - Train | Batch Loss: -3.1922
2026-03-09 09:03:20 - nn.expander - INFO - Train | Grad Norm: 17.6683

2026-03-09 09:03:20 - nn.expander - INFO - Train | Batch Size: 40 | Avg Precision: 0.7006 | Avg Recall: 0.4529
2026-03-09 09:03:20 - nn.expander - INFO - Train | Batch Loss: -10.3588
2026-03-09 09:03:20 - nn.expander - INFO - Train | Grad Norm: 6.2372

2026-03-09 09:03:20 - nn.expander - INFO - Train | Batch Size: 40 | Avg Precision: 0.9605 | Avg Recall: 0.4097
2026-03-09 09:03:20 - nn.expander - INFO - Train | Batch Loss: 2.6196
2026-03-09 09:03:21 - nn.expander - INFO - Train | Grad Norm: 3.0397

2026-03-09 09:03:21 - nn.expander - INFO - Train | Batch Size: 40 | Avg Precision: 0.8250 | Avg Recall: 0.3784
2026-03-09 09:03:21 - nn.expander - INFO - Train | Batch Loss: -14.9464
2026-03-09 09:03:21 - nn.expander - INFO - Train | Grad Norm: 12.9427

2026-03-09 09:03:21 - nn.expander - INFO - Train | Batch Size: 40 | Avg Precision: 0.8158 | Avg Recall: 0.4267
2026-03-09 09:03:21 - nn.expander - INFO - Train | Batch Loss: -10.0262
2026-03-09 09:03:21 - nn.expander - INFO - Train | Grad Norm: 7.5393

2026-03-09 09:03:21 - nn.expander - INFO - Train | Batch Size: 40 | Avg Precision: 0.9414 | Avg Recall: 0.4014
2026-03-09 09:03:21 - nn.expander - INFO - Train | Batch Loss: 4.8433
2026-03-09 09:03:21 - nn.expander - INFO - Train | Grad Norm: 6.6741

2026-03-09 09:03:21 - nn.expander - INFO - Train | Batch Size: 40 | Avg Precision: 0.8397 | Avg Recall: 0.4121
2026-03-09 09:03:21 - nn.expander - INFO - Train | Batch Loss: -6.6526
2026-03-09 09:03:21 - nn.expander - INFO - Train | Grad Norm: 5.0260

2026-03-09 09:03:21 - nn.expander - INFO - Train | Batch Size: 40 | Avg Precision: 0.7636 | Avg Recall: 0.4720
2026-03-09 09:03:21 - nn.expander - INFO - Train | Batch Loss: -23.4483
2026-03-09 09:03:21 - nn.expander - INFO - Train | Grad Norm: 12.0011

2026-03-09 09:03:21 - nn.expander - INFO - Train | Batch Size: 40 | Avg Precision: 0.8572 | Avg Recall: 0.3697
2026-03-09 09:03:21 - nn.expander - INFO - Train | Batch Loss: -6.1503
2026-03-09 09:03:22 - nn.expander - INFO - Train | Grad Norm: 5.2956

2026-03-09 09:03:22 - nn.expander - INFO - Train | Batch Size: 40 | Avg Precision: 0.7922 | Avg Recall: 0.4018
2026-03-09 09:03:22 - nn.expander - INFO - Train | Batch Loss: -14.3616
2026-03-09 09:03:22 - nn.expander - INFO - Train | Grad Norm: 4.3845

2026-03-09 09:03:22 - root - INFO - ✅ 数据集 elliptic 训练完成！最终测试集F1：0.5680
2026-03-09 09:03:22 - root - INFO - 
======================================================================
📊 所有数据集训练结果汇总
======================================================================
2026-03-09 09:03:22 - root - INFO - 数据集        | P      | R      | F1    
2026-03-09 09:03:22 - root - INFO - ----------------------------------------------------------------------
2026-03-09 09:03:22 - root - INFO - elliptic   | 0.8587 | 0.5493 | 0.5680
2026-03-09 09:03:22 - root - INFO - ✅ 所有数据集训练流程执行完毕！
2026-03-09 09:03:32 - root - INFO - ✅ 工作目录已设置为：/home/u2023312299/sci
2026-03-09 09:03:32 - root - INFO - 🔄 项目启动，开始执行数据集训练流程
2026-03-09 09:03:32 - root - INFO - 
📋 开始批量训练数据集：['elliptic'] (全局种子=2026)
2026-03-09 09:03:32 - root - INFO - 
======================================================================
🚀 开始训练数据集：elliptic (种子=2026)
======================================================================
2026-03-09 09:03:32 - root - INFO - ✅ 随机种子已设置为：2026
2026-03-09 09:03:32 - root - INFO - ✅ 加载数据集 elliptic 配置完成，核心参数：p_bias=10, len_penalty_coeff=0.99
2026-03-09 09:03:59 - nn.expander - INFO - Train | Batch Size: 40 | Avg Precision: 0.4245 | Avg Recall: 0.5020
2026-03-09 09:03:59 - nn.expander - INFO - Train | Batch Loss: -116.3171
2026-03-09 09:03:59 - nn.expander - INFO - Train | Grad Norm: 102.4471

2026-03-09 09:04:00 - nn.expander - INFO - Train | Batch Size: 40 | Avg Precision: 0.5243 | Avg Recall: 0.6135
2026-03-09 09:04:00 - nn.expander - INFO - Train | Batch Loss: -83.6375
2026-03-09 09:04:00 - nn.expander - INFO - Train | Grad Norm: 63.6867

2026-03-09 09:04:00 - nn.expander - INFO - Train | Batch Size: 40 | Avg Precision: 0.4341 | Avg Recall: 0.4861
2026-03-09 09:04:00 - nn.expander - INFO - Train | Batch Loss: -80.7287
2026-03-09 09:04:01 - nn.expander - INFO - Train | Grad Norm: 25.7883

2026-03-09 09:04:01 - nn.expander - INFO - Train | Batch Size: 40 | Avg Precision: 0.5816 | Avg Recall: 0.5178
2026-03-09 09:04:01 - nn.expander - INFO - Train | Batch Loss: -87.1908
2026-03-09 09:04:01 - nn.expander - INFO - Train | Grad Norm: 64.4360

2026-03-09 09:04:02 - nn.expander - INFO - Train | Batch Size: 40 | Avg Precision: 0.4335 | Avg Recall: 0.5034
2026-03-09 09:04:02 - nn.expander - INFO - Train | Batch Loss: -128.3005
2026-03-09 09:04:02 - nn.expander - INFO - Train | Grad Norm: 39.9413

2026-03-09 09:04:03 - nn.expander - INFO - Train | Batch Size: 40 | Avg Precision: 0.5329 | Avg Recall: 0.5740
2026-03-09 09:04:03 - nn.expander - INFO - Train | Batch Loss: -78.2018
2026-03-09 09:04:03 - nn.expander - INFO - Train | Grad Norm: 49.6612

2026-03-09 09:04:03 - nn.expander - INFO - Train | Batch Size: 40 | Avg Precision: 0.6292 | Avg Recall: 0.5035
2026-03-09 09:04:03 - nn.expander - INFO - Train | Batch Loss: -66.6452
2026-03-09 09:04:04 - nn.expander - INFO - Train | Grad Norm: 41.3900

2026-03-09 09:04:04 - nn.expander - INFO - Train | Batch Size: 40 | Avg Precision: 0.6137 | Avg Recall: 0.5544
2026-03-09 09:04:04 - nn.expander - INFO - Train | Batch Loss: -62.4626
2026-03-09 09:04:04 - nn.expander - INFO - Train | Grad Norm: 31.4290

2026-03-09 09:04:05 - nn.expander - INFO - Train | Batch Size: 40 | Avg Precision: 0.5982 | Avg Recall: 0.5549
2026-03-09 09:04:05 - nn.expander - INFO - Train | Batch Loss: -65.5077
2026-03-09 09:04:05 - nn.expander - INFO - Train | Grad Norm: 17.7913

2026-03-09 09:04:05 - nn.expander - INFO - Train | Batch Size: 40 | Avg Precision: 0.5291 | Avg Recall: 0.4895
2026-03-09 09:04:05 - nn.expander - INFO - Train | Batch Loss: -69.9042
2026-03-09 09:04:05 - nn.expander - INFO - Train | Grad Norm: 40.4964

2026-03-09 09:04:06 - nn.expander - INFO - Train | Batch Size: 40 | Avg Precision: 0.5983 | Avg Recall: 0.4225
2026-03-09 09:04:06 - nn.expander - INFO - Train | Batch Loss: -57.7382
2026-03-09 09:04:06 - nn.expander - INFO - Train | Grad Norm: 20.5443

2026-03-09 09:04:06 - nn.expander - INFO - Train | Batch Size: 40 | Avg Precision: 0.6419 | Avg Recall: 0.5155
2026-03-09 09:04:06 - nn.expander - INFO - Train | Batch Loss: -34.8970
2026-03-09 09:04:06 - nn.expander - INFO - Train | Grad Norm: 16.5397

2026-03-09 09:04:07 - nn.expander - INFO - Train | Batch Size: 40 | Avg Precision: 0.6367 | Avg Recall: 0.4188
2026-03-09 09:04:07 - nn.expander - INFO - Train | Batch Loss: -38.5461
2026-03-09 09:04:07 - nn.expander - INFO - Train | Grad Norm: 14.1709

2026-03-09 09:04:07 - nn.expander - INFO - Train | Batch Size: 40 | Avg Precision: 0.6931 | Avg Recall: 0.5103
2026-03-09 09:04:07 - nn.expander - INFO - Train | Batch Loss: -7.4026
2026-03-09 09:04:07 - nn.expander - INFO - Train | Grad Norm: 9.3874

2026-03-09 09:04:07 - nn.expander - INFO - Train | Batch Size: 40 | Avg Precision: 0.7519 | Avg Recall: 0.3682
2026-03-09 09:04:07 - nn.expander - INFO - Train | Batch Loss: -21.2794
2026-03-09 09:04:07 - nn.expander - INFO - Train | Grad Norm: 10.7049

2026-03-09 09:04:08 - nn.expander - INFO - Train | Batch Size: 40 | Avg Precision: 0.7298 | Avg Recall: 0.4130
2026-03-09 09:04:08 - nn.expander - INFO - Train | Batch Loss: -31.8972
2026-03-09 09:04:08 - nn.expander - INFO - Train | Grad Norm: 9.7103

2026-03-09 09:04:08 - nn.expander - INFO - Train | Batch Size: 40 | Avg Precision: 0.7213 | Avg Recall: 0.4472
2026-03-09 09:04:08 - nn.expander - INFO - Train | Batch Loss: -14.8138
2026-03-09 09:04:08 - nn.expander - INFO - Train | Grad Norm: 6.6866

2026-03-09 09:04:08 - nn.expander - INFO - Train | Batch Size: 40 | Avg Precision: 0.7816 | Avg Recall: 0.4201
2026-03-09 09:04:08 - nn.expander - INFO - Train | Batch Loss: -3.5642
2026-03-09 09:04:08 - nn.expander - INFO - Train | Grad Norm: 3.4764

2026-03-09 09:04:08 - nn.expander - INFO - Train | Batch Size: 40 | Avg Precision: 0.8207 | Avg Recall: 0.4432
2026-03-09 09:04:08 - nn.expander - INFO - Train | Batch Loss: -3.2666
2026-03-09 09:04:09 - nn.expander - INFO - Train | Grad Norm: 4.4012

2026-03-09 09:04:09 - nn.expander - INFO - Train | Batch Size: 40 | Avg Precision: 0.7718 | Avg Recall: 0.4008
2026-03-09 09:04:09 - nn.expander - INFO - Train | Batch Loss: -11.9214
2026-03-09 09:04:09 - nn.expander - INFO - Train | Grad Norm: 24.8705

2026-03-09 09:04:09 - nn.expander - INFO - Train | Batch Size: 40 | Avg Precision: 0.8210 | Avg Recall: 0.3940
2026-03-09 09:04:09 - nn.expander - INFO - Train | Batch Loss: -12.3444
2026-03-09 09:04:09 - nn.expander - INFO - Train | Grad Norm: 23.3830

2026-03-09 09:04:09 - nn.expander - INFO - Train | Batch Size: 40 | Avg Precision: 0.7533 | Avg Recall: 0.3482
2026-03-09 09:04:09 - nn.expander - INFO - Train | Batch Loss: -38.0687
2026-03-09 09:04:10 - nn.expander - INFO - Train | Grad Norm: 26.4001

2026-03-09 09:04:10 - nn.expander - INFO - Train | Batch Size: 40 | Avg Precision: 0.7583 | Avg Recall: 0.4011
2026-03-09 09:04:10 - nn.expander - INFO - Train | Batch Loss: -2.7362
2026-03-09 09:04:10 - nn.expander - INFO - Train | Grad Norm: 13.6610

2026-03-09 09:04:10 - nn.expander - INFO - Train | Batch Size: 40 | Avg Precision: 0.7885 | Avg Recall: 0.4473
2026-03-09 09:04:10 - nn.expander - INFO - Train | Batch Loss: -10.2141
2026-03-09 09:04:10 - nn.expander - INFO - Train | Grad Norm: 8.5462

2026-03-09 09:04:10 - nn.expander - INFO - Train | Batch Size: 40 | Avg Precision: 0.7969 | Avg Recall: 0.4527
2026-03-09 09:04:10 - nn.expander - INFO - Train | Batch Loss: 3.2581
2026-03-09 09:04:10 - nn.expander - INFO - Train | Grad Norm: 12.5381

2026-03-09 09:04:10 - nn.expander - INFO - Train | Batch Size: 40 | Avg Precision: 0.8330 | Avg Recall: 0.4084
2026-03-09 09:04:10 - nn.expander - INFO - Train | Batch Loss: -8.2360
2026-03-09 09:04:10 - nn.expander - INFO - Train | Grad Norm: 5.8466

2026-03-09 09:04:10 - nn.expander - INFO - Train | Batch Size: 40 | Avg Precision: 0.8443 | Avg Recall: 0.4007
2026-03-09 09:04:10 - nn.expander - INFO - Train | Batch Loss: -12.6054
2026-03-09 09:04:11 - nn.expander - INFO - Train | Grad Norm: 9.1659

2026-03-09 09:04:11 - nn.expander - INFO - Train | Batch Size: 40 | Avg Precision: 0.8046 | Avg Recall: 0.4427
2026-03-09 09:04:11 - nn.expander - INFO - Train | Batch Loss: -11.5841
2026-03-09 09:04:11 - nn.expander - INFO - Train | Grad Norm: 22.4435

2026-03-09 09:04:11 - nn.expander - INFO - Train | Batch Size: 40 | Avg Precision: 0.9015 | Avg Recall: 0.4005
2026-03-09 09:04:11 - nn.expander - INFO - Train | Batch Loss: 1.6367
2026-03-09 09:04:11 - nn.expander - INFO - Train | Grad Norm: 6.1472

2026-03-09 09:04:11 - nn.expander - INFO - Train | Batch Size: 40 | Avg Precision: 0.8193 | Avg Recall: 0.3834
2026-03-09 09:04:11 - nn.expander - INFO - Train | Batch Loss: -7.7627
2026-03-09 09:04:11 - nn.expander - INFO - Train | Grad Norm: 5.0939

2026-03-09 09:04:11 - nn.expander - INFO - Train | Batch Size: 40 | Avg Precision: 0.8585 | Avg Recall: 0.4027
2026-03-09 09:04:11 - nn.expander - INFO - Train | Batch Loss: -3.1922
2026-03-09 09:04:11 - nn.expander - INFO - Train | Grad Norm: 17.6683

2026-03-09 09:04:11 - nn.expander - INFO - Train | Batch Size: 40 | Avg Precision: 0.7006 | Avg Recall: 0.4529
2026-03-09 09:04:11 - nn.expander - INFO - Train | Batch Loss: -10.3588
2026-03-09 09:04:11 - nn.expander - INFO - Train | Grad Norm: 6.2372

2026-03-09 09:04:11 - nn.expander - INFO - Train | Batch Size: 40 | Avg Precision: 0.9605 | Avg Recall: 0.4097
2026-03-09 09:04:11 - nn.expander - INFO - Train | Batch Loss: 2.6196
2026-03-09 09:04:12 - nn.expander - INFO - Train | Grad Norm: 3.0397

2026-03-09 09:04:12 - nn.expander - INFO - Train | Batch Size: 40 | Avg Precision: 0.8250 | Avg Recall: 0.3784
2026-03-09 09:04:12 - nn.expander - INFO - Train | Batch Loss: -14.9464
2026-03-09 09:04:12 - nn.expander - INFO - Train | Grad Norm: 12.9427

2026-03-09 09:04:12 - nn.expander - INFO - Train | Batch Size: 40 | Avg Precision: 0.8158 | Avg Recall: 0.4267
2026-03-09 09:04:12 - nn.expander - INFO - Train | Batch Loss: -10.0262
2026-03-09 09:04:12 - nn.expander - INFO - Train | Grad Norm: 7.5393

2026-03-09 09:04:12 - nn.expander - INFO - Train | Batch Size: 40 | Avg Precision: 0.9414 | Avg Recall: 0.4014
2026-03-09 09:04:12 - nn.expander - INFO - Train | Batch Loss: 4.8433
2026-03-09 09:04:12 - nn.expander - INFO - Train | Grad Norm: 6.6741

2026-03-09 09:04:12 - nn.expander - INFO - Train | Batch Size: 40 | Avg Precision: 0.8397 | Avg Recall: 0.4121
2026-03-09 09:04:12 - nn.expander - INFO - Train | Batch Loss: -6.6526
2026-03-09 09:04:12 - nn.expander - INFO - Train | Grad Norm: 5.0260

2026-03-09 09:04:12 - nn.expander - INFO - Train | Batch Size: 40 | Avg Precision: 0.7636 | Avg Recall: 0.4720
2026-03-09 09:04:12 - nn.expander - INFO - Train | Batch Loss: -23.4483
2026-03-09 09:04:12 - nn.expander - INFO - Train | Grad Norm: 12.0011

2026-03-09 09:04:13 - nn.expander - INFO - Train | Batch Size: 40 | Avg Precision: 0.8572 | Avg Recall: 0.3697
2026-03-09 09:04:13 - nn.expander - INFO - Train | Batch Loss: -6.1503
2026-03-09 09:04:13 - nn.expander - INFO - Train | Grad Norm: 5.2956

2026-03-09 09:04:13 - nn.expander - INFO - Train | Batch Size: 40 | Avg Precision: 0.7922 | Avg Recall: 0.4018
2026-03-09 09:04:13 - nn.expander - INFO - Train | Batch Loss: -14.3616
2026-03-09 09:04:13 - nn.expander - INFO - Train | Grad Norm: 4.3845

2026-03-09 09:04:13 - root - INFO - ✅ 数据集 elliptic 训练完成！最终测试集F1：0.5680
2026-03-09 09:04:13 - root - INFO - 
======================================================================
📊 所有数据集训练结果汇总
======================================================================
2026-03-09 09:04:13 - root - INFO - 数据集        | P      | R      | F1    
2026-03-09 09:04:13 - root - INFO - ----------------------------------------------------------------------
2026-03-09 09:04:13 - root - INFO - elliptic   | 0.8587 | 0.5493 | 0.5680
2026-03-09 09:04:13 - root - INFO - ✅ 所有数据集训练流程执行完毕！
2026-03-09 09:05:40 - root - INFO - ✅ 工作目录已设置为：/home/u2023312299/sci
2026-03-09 09:05:40 - root - INFO - 🔄 项目启动，开始执行数据集训练流程
2026-03-09 09:05:40 - root - INFO - 
📋 开始批量训练数据集：['elliptic'] (全局种子=2026)
2026-03-09 09:05:40 - root - INFO - 
======================================================================
🚀 开始训练数据集：elliptic (种子=2026)
======================================================================
2026-03-09 09:05:40 - root - INFO - ✅ 随机种子已设置为：2026
2026-03-09 09:05:40 - root - INFO - ✅ 加载数据集 elliptic 配置完成，核心参数：p_bias=10, len_penalty_coeff=0.99
2026-03-09 09:06:06 - nn.expander - INFO - Train | Batch Size: 40 | Avg Precision: 0.5042 | Avg Recall: 0.4788
2026-03-09 09:06:06 - nn.expander - INFO - Train | Batch Loss: -31.1290
2026-03-09 09:06:06 - nn.expander - INFO - Train | Grad Norm: 37.2827

2026-03-09 09:06:06 - nn.expander - INFO - Train | Batch Size: 40 | Avg Precision: 0.6079 | Avg Recall: 0.5500
2026-03-09 09:06:06 - nn.expander - INFO - Train | Batch Loss: -17.3137
2026-03-09 09:06:06 - nn.expander - INFO - Train | Grad Norm: 14.4826

2026-03-09 09:06:06 - nn.expander - INFO - Train | Batch Size: 40 | Avg Precision: 0.4980 | Avg Recall: 0.4551
2026-03-09 09:06:07 - nn.expander - INFO - Train | Batch Loss: -26.6417
2026-03-09 09:06:07 - nn.expander - INFO - Train | Grad Norm: 10.7415

2026-03-09 09:06:07 - nn.expander - INFO - Train | Batch Size: 40 | Avg Precision: 0.6071 | Avg Recall: 0.4985
2026-03-09 09:06:07 - nn.expander - INFO - Train | Batch Loss: -29.6161
2026-03-09 09:06:07 - nn.expander - INFO - Train | Grad Norm: 21.8978

2026-03-09 09:06:07 - nn.expander - INFO - Train | Batch Size: 40 | Avg Precision: 0.4763 | Avg Recall: 0.4828
2026-03-09 09:06:07 - nn.expander - INFO - Train | Batch Loss: -45.4508
2026-03-09 09:06:07 - nn.expander - INFO - Train | Grad Norm: 16.2623

2026-03-09 09:06:07 - nn.expander - INFO - Train | Batch Size: 40 | Avg Precision: 0.5551 | Avg Recall: 0.5451
2026-03-09 09:06:07 - nn.expander - INFO - Train | Batch Loss: -33.8825
2026-03-09 09:06:08 - nn.expander - INFO - Train | Grad Norm: 20.7789

2026-03-09 09:06:08 - nn.expander - INFO - Train | Batch Size: 40 | Avg Precision: 0.6612 | Avg Recall: 0.5081
2026-03-09 09:06:08 - nn.expander - INFO - Train | Batch Loss: -20.8233
2026-03-09 09:06:08 - nn.expander - INFO - Train | Grad Norm: 24.4577

2026-03-09 09:06:08 - nn.expander - INFO - Train | Batch Size: 40 | Avg Precision: 0.5798 | Avg Recall: 0.5818
2026-03-09 09:06:08 - nn.expander - INFO - Train | Batch Loss: -18.1506
2026-03-09 09:06:08 - nn.expander - INFO - Train | Grad Norm: 14.1084

2026-03-09 09:06:08 - nn.expander - INFO - Train | Batch Size: 40 | Avg Precision: 0.6312 | Avg Recall: 0.5674
2026-03-09 09:06:08 - nn.expander - INFO - Train | Batch Loss: -19.6165
2026-03-09 09:06:08 - nn.expander - INFO - Train | Grad Norm: 10.4985

2026-03-09 09:06:09 - nn.expander - INFO - Train | Batch Size: 40 | Avg Precision: 0.5696 | Avg Recall: 0.4712
2026-03-09 09:06:09 - nn.expander - INFO - Train | Batch Loss: -26.7924
2026-03-09 09:06:09 - nn.expander - INFO - Train | Grad Norm: 11.5676

2026-03-09 09:06:09 - nn.expander - INFO - Train | Batch Size: 40 | Avg Precision: 0.5675 | Avg Recall: 0.4341
2026-03-09 09:06:09 - nn.expander - INFO - Train | Batch Loss: -26.9843
2026-03-09 09:06:09 - nn.expander - INFO - Train | Grad Norm: 10.8960

2026-03-09 09:06:09 - nn.expander - INFO - Train | Batch Size: 40 | Avg Precision: 0.5032 | Avg Recall: 0.5182
2026-03-09 09:06:09 - nn.expander - INFO - Train | Batch Loss: -30.4550
2026-03-09 09:06:09 - nn.expander - INFO - Train | Grad Norm: 9.3749

2026-03-09 09:06:09 - nn.expander - INFO - Train | Batch Size: 40 | Avg Precision: 0.6473 | Avg Recall: 0.4383
2026-03-09 09:06:09 - nn.expander - INFO - Train | Batch Loss: -12.2970
2026-03-09 09:06:10 - nn.expander - INFO - Train | Grad Norm: 8.4582

2026-03-09 09:06:10 - nn.expander - INFO - Train | Batch Size: 40 | Avg Precision: 0.6132 | Avg Recall: 0.5090
2026-03-09 09:06:10 - nn.expander - INFO - Train | Batch Loss: -10.8244
2026-03-09 09:06:10 - nn.expander - INFO - Train | Grad Norm: 6.7499

2026-03-09 09:06:10 - nn.expander - INFO - Train | Batch Size: 40 | Avg Precision: 0.6786 | Avg Recall: 0.3861
2026-03-09 09:06:10 - nn.expander - INFO - Train | Batch Loss: -15.6233
2026-03-09 09:06:10 - nn.expander - INFO - Train | Grad Norm: 5.8263

2026-03-09 09:06:10 - nn.expander - INFO - Train | Batch Size: 40 | Avg Precision: 0.6750 | Avg Recall: 0.4678
2026-03-09 09:06:10 - nn.expander - INFO - Train | Batch Loss: -11.8734
2026-03-09 09:06:10 - nn.expander - INFO - Train | Grad Norm: 8.9946

2026-03-09 09:06:10 - nn.expander - INFO - Train | Batch Size: 40 | Avg Precision: 0.6863 | Avg Recall: 0.5503
2026-03-09 09:06:10 - nn.expander - INFO - Train | Batch Loss: -14.0051
2026-03-09 09:06:10 - nn.expander - INFO - Train | Grad Norm: 6.0820

2026-03-09 09:06:10 - nn.expander - INFO - Train | Batch Size: 40 | Avg Precision: 0.6904 | Avg Recall: 0.4876
2026-03-09 09:06:10 - nn.expander - INFO - Train | Batch Loss: -0.2031
2026-03-09 09:06:11 - nn.expander - INFO - Train | Grad Norm: 6.6994

2026-03-09 09:06:11 - nn.expander - INFO - Train | Batch Size: 40 | Avg Precision: 0.6412 | Avg Recall: 0.5149
2026-03-09 09:06:11 - nn.expander - INFO - Train | Batch Loss: -15.1320
2026-03-09 09:06:11 - nn.expander - INFO - Train | Grad Norm: 5.3706

2026-03-09 09:06:11 - nn.expander - INFO - Train | Batch Size: 40 | Avg Precision: 0.7040 | Avg Recall: 0.4215
2026-03-09 09:06:11 - nn.expander - INFO - Train | Batch Loss: -4.7889
2026-03-09 09:06:11 - nn.expander - INFO - Train | Grad Norm: 11.1646

2026-03-09 09:06:11 - nn.expander - INFO - Train | Batch Size: 40 | Avg Precision: 0.7046 | Avg Recall: 0.4634
2026-03-09 09:06:11 - nn.expander - INFO - Train | Batch Loss: -18.0316
2026-03-09 09:06:11 - nn.expander - INFO - Train | Grad Norm: 7.4154

2026-03-09 09:06:11 - nn.expander - INFO - Train | Batch Size: 40 | Avg Precision: 0.6501 | Avg Recall: 0.3940
2026-03-09 09:06:11 - nn.expander - INFO - Train | Batch Loss: -23.2658
2026-03-09 09:06:11 - nn.expander - INFO - Train | Grad Norm: 14.1238

2026-03-09 09:06:12 - nn.expander - INFO - Train | Batch Size: 40 | Avg Precision: 0.6969 | Avg Recall: 0.4614
2026-03-09 09:06:12 - nn.expander - INFO - Train | Batch Loss: -8.4409
2026-03-09 09:06:12 - nn.expander - INFO - Train | Grad Norm: 12.0163

2026-03-09 09:06:12 - nn.expander - INFO - Train | Batch Size: 40 | Avg Precision: 0.6667 | Avg Recall: 0.4637
2026-03-09 09:06:12 - nn.expander - INFO - Train | Batch Loss: -12.9278
2026-03-09 09:06:12 - nn.expander - INFO - Train | Grad Norm: 5.9845

2026-03-09 09:06:12 - nn.expander - INFO - Train | Batch Size: 40 | Avg Precision: 0.6244 | Avg Recall: 0.5272
2026-03-09 09:06:12 - nn.expander - INFO - Train | Batch Loss: -7.9069
2026-03-09 09:06:12 - nn.expander - INFO - Train | Grad Norm: 7.6199

2026-03-09 09:06:12 - nn.expander - INFO - Train | Batch Size: 40 | Avg Precision: 0.7460 | Avg Recall: 0.4001
2026-03-09 09:06:12 - nn.expander - INFO - Train | Batch Loss: -14.9853
2026-03-09 09:06:12 - nn.expander - INFO - Train | Grad Norm: 6.2832

2026-03-09 09:06:12 - nn.expander - INFO - Train | Batch Size: 40 | Avg Precision: 0.7532 | Avg Recall: 0.4232
2026-03-09 09:06:12 - nn.expander - INFO - Train | Batch Loss: -13.1590
2026-03-09 09:06:12 - nn.expander - INFO - Train | Grad Norm: 5.6146

2026-03-09 09:06:13 - nn.expander - INFO - Train | Batch Size: 40 | Avg Precision: 0.7458 | Avg Recall: 0.4537
2026-03-09 09:06:13 - nn.expander - INFO - Train | Batch Loss: -14.0981
2026-03-09 09:06:13 - nn.expander - INFO - Train | Grad Norm: 9.0455

2026-03-09 09:06:13 - nn.expander - INFO - Train | Batch Size: 40 | Avg Precision: 0.8482 | Avg Recall: 0.4659
2026-03-09 09:06:13 - nn.expander - INFO - Train | Batch Loss: 3.0239
2026-03-09 09:06:13 - nn.expander - INFO - Train | Grad Norm: 8.0994

2026-03-09 09:06:13 - nn.expander - INFO - Train | Batch Size: 40 | Avg Precision: 0.7894 | Avg Recall: 0.4208
2026-03-09 09:06:13 - nn.expander - INFO - Train | Batch Loss: -7.9929
2026-03-09 09:06:13 - nn.expander - INFO - Train | Grad Norm: 6.6314

2026-03-09 09:06:13 - nn.expander - INFO - Train | Batch Size: 40 | Avg Precision: 0.7833 | Avg Recall: 0.4616
2026-03-09 09:06:13 - nn.expander - INFO - Train | Batch Loss: -3.1364
2026-03-09 09:06:13 - nn.expander - INFO - Train | Grad Norm: 2.6782

2026-03-09 09:06:13 - nn.expander - INFO - Train | Batch Size: 40 | Avg Precision: 0.6562 | Avg Recall: 0.4377
2026-03-09 09:06:13 - nn.expander - INFO - Train | Batch Loss: -4.2074
2026-03-09 09:06:13 - nn.expander - INFO - Train | Grad Norm: 3.6241

2026-03-09 09:06:13 - nn.expander - INFO - Train | Batch Size: 40 | Avg Precision: 0.8233 | Avg Recall: 0.4753
2026-03-09 09:06:13 - nn.expander - INFO - Train | Batch Loss: -7.4451
2026-03-09 09:06:13 - nn.expander - INFO - Train | Grad Norm: 4.1867

2026-03-09 09:06:13 - nn.expander - INFO - Train | Batch Size: 40 | Avg Precision: 0.6584 | Avg Recall: 0.4413
2026-03-09 09:06:13 - nn.expander - INFO - Train | Batch Loss: -13.8393
2026-03-09 09:06:14 - nn.expander - INFO - Train | Grad Norm: 6.2189

2026-03-09 09:06:14 - nn.expander - INFO - Train | Batch Size: 40 | Avg Precision: 0.7219 | Avg Recall: 0.4571
2026-03-09 09:06:14 - nn.expander - INFO - Train | Batch Loss: -8.5027
2026-03-09 09:06:14 - nn.expander - INFO - Train | Grad Norm: 5.9322

2026-03-09 09:06:14 - nn.expander - INFO - Train | Batch Size: 40 | Avg Precision: 0.8079 | Avg Recall: 0.4579
2026-03-09 09:06:14 - nn.expander - INFO - Train | Batch Loss: -3.5138
2026-03-09 09:06:14 - nn.expander - INFO - Train | Grad Norm: 4.0747

2026-03-09 09:06:14 - nn.expander - INFO - Train | Batch Size: 40 | Avg Precision: 0.8248 | Avg Recall: 0.4188
2026-03-09 09:06:14 - nn.expander - INFO - Train | Batch Loss: -7.1137
2026-03-09 09:06:14 - nn.expander - INFO - Train | Grad Norm: 4.9406

2026-03-09 09:06:14 - nn.expander - INFO - Train | Batch Size: 40 | Avg Precision: 0.7104 | Avg Recall: 0.4970
2026-03-09 09:06:14 - nn.expander - INFO - Train | Batch Loss: -11.6213
2026-03-09 09:06:14 - nn.expander - INFO - Train | Grad Norm: 7.0851

2026-03-09 09:06:14 - nn.expander - INFO - Train | Batch Size: 40 | Avg Precision: 0.8760 | Avg Recall: 0.4161
2026-03-09 09:06:14 - nn.expander - INFO - Train | Batch Loss: 6.3484
2026-03-09 09:06:14 - nn.expander - INFO - Train | Grad Norm: 9.2896

2026-03-09 09:06:14 - nn.expander - INFO - Train | Batch Size: 40 | Avg Precision: 0.7725 | Avg Recall: 0.4389
2026-03-09 09:06:14 - nn.expander - INFO - Train | Batch Loss: -9.3632
2026-03-09 09:06:14 - nn.expander - INFO - Train | Grad Norm: 8.0095

2026-03-09 09:06:15 - root - INFO - ✅ 数据集 elliptic 训练完成！最终测试集F1：0.5044
2026-03-09 09:06:15 - root - INFO - 
======================================================================
📊 所有数据集训练结果汇总
======================================================================
2026-03-09 09:06:15 - root - INFO - 数据集        | P      | R      | F1    
2026-03-09 09:06:15 - root - INFO - ----------------------------------------------------------------------
2026-03-09 09:06:15 - root - INFO - elliptic   | 0.7253 | 0.5448 | 0.5044
2026-03-09 09:06:15 - root - INFO - ✅ 所有数据集训练流程执行完毕！
2026-03-09 09:08:17 - root - INFO - ✅ 工作目录已设置为：/home/u2023312299/sci
2026-03-09 09:08:17 - root - INFO - 🔄 项目启动，开始执行数据集训练流程
2026-03-09 09:08:17 - root - INFO - 
📋 开始批量训练数据集：['elliptic'] (全局种子=2026)
2026-03-09 09:08:17 - root - INFO - 
======================================================================
🚀 开始训练数据集：elliptic (种子=2026)
======================================================================
2026-03-09 09:08:17 - root - INFO - ✅ 随机种子已设置为：2026
2026-03-09 09:08:17 - root - INFO - ✅ 加载数据集 elliptic 配置完成，核心参数：p_bias=10, len_penalty_coeff=0.99
2026-03-09 09:08:44 - nn.expander - INFO - Train | Batch Size: 40 | Avg Precision: 0.5042 | Avg Recall: 0.4788
2026-03-09 09:08:44 - nn.expander - INFO - Train | Batch Loss: -31.1290
2026-03-09 09:08:44 - nn.expander - INFO - Train | Grad Norm: 37.2827

2026-03-09 09:08:44 - nn.expander - INFO - Train | Batch Size: 40 | Avg Precision: 0.6079 | Avg Recall: 0.5500
2026-03-09 09:08:44 - nn.expander - INFO - Train | Batch Loss: -17.3137
2026-03-09 09:08:44 - nn.expander - INFO - Train | Grad Norm: 14.4826

2026-03-09 09:08:44 - nn.expander - INFO - Train | Batch Size: 40 | Avg Precision: 0.4980 | Avg Recall: 0.4551
2026-03-09 09:08:44 - nn.expander - INFO - Train | Batch Loss: -26.6417
2026-03-09 09:08:44 - nn.expander - INFO - Train | Grad Norm: 10.7415

2026-03-09 09:08:45 - nn.expander - INFO - Train | Batch Size: 40 | Avg Precision: 0.6071 | Avg Recall: 0.4985
2026-03-09 09:08:45 - nn.expander - INFO - Train | Batch Loss: -29.6161
2026-03-09 09:08:45 - nn.expander - INFO - Train | Grad Norm: 21.8978

2026-03-09 09:08:45 - nn.expander - INFO - Train | Batch Size: 40 | Avg Precision: 0.4763 | Avg Recall: 0.4828
2026-03-09 09:08:45 - nn.expander - INFO - Train | Batch Loss: -45.4508
2026-03-09 09:08:45 - nn.expander - INFO - Train | Grad Norm: 16.2623

2026-03-09 09:08:45 - nn.expander - INFO - Train | Batch Size: 40 | Avg Precision: 0.5551 | Avg Recall: 0.5451
2026-03-09 09:08:45 - nn.expander - INFO - Train | Batch Loss: -33.8825
2026-03-09 09:08:45 - nn.expander - INFO - Train | Grad Norm: 20.7789

2026-03-09 09:08:45 - nn.expander - INFO - Train | Batch Size: 40 | Avg Precision: 0.6612 | Avg Recall: 0.5081
2026-03-09 09:08:45 - nn.expander - INFO - Train | Batch Loss: -20.8233
2026-03-09 09:08:46 - nn.expander - INFO - Train | Grad Norm: 24.4577

2026-03-09 09:08:46 - nn.expander - INFO - Train | Batch Size: 40 | Avg Precision: 0.5798 | Avg Recall: 0.5818
2026-03-09 09:08:46 - nn.expander - INFO - Train | Batch Loss: -18.1506
2026-03-09 09:08:46 - nn.expander - INFO - Train | Grad Norm: 14.1084

2026-03-09 09:08:46 - nn.expander - INFO - Train | Batch Size: 40 | Avg Precision: 0.6312 | Avg Recall: 0.5674
2026-03-09 09:08:46 - nn.expander - INFO - Train | Batch Loss: -19.6165
2026-03-09 09:08:46 - nn.expander - INFO - Train | Grad Norm: 10.4985

2026-03-09 09:08:46 - nn.expander - INFO - Train | Batch Size: 40 | Avg Precision: 0.5696 | Avg Recall: 0.4712
2026-03-09 09:08:46 - nn.expander - INFO - Train | Batch Loss: -26.7924
2026-03-09 09:08:46 - nn.expander - INFO - Train | Grad Norm: 11.5676

2026-03-09 09:08:47 - nn.expander - INFO - Train | Batch Size: 40 | Avg Precision: 0.5675 | Avg Recall: 0.4341
2026-03-09 09:08:47 - nn.expander - INFO - Train | Batch Loss: -26.9843
2026-03-09 09:08:47 - nn.expander - INFO - Train | Grad Norm: 10.8960

2026-03-09 09:08:47 - nn.expander - INFO - Train | Batch Size: 40 | Avg Precision: 0.5032 | Avg Recall: 0.5182
2026-03-09 09:08:47 - nn.expander - INFO - Train | Batch Loss: -30.4550
2026-03-09 09:08:47 - nn.expander - INFO - Train | Grad Norm: 9.3749

2026-03-09 09:08:47 - nn.expander - INFO - Train | Batch Size: 40 | Avg Precision: 0.6473 | Avg Recall: 0.4383
2026-03-09 09:08:47 - nn.expander - INFO - Train | Batch Loss: -12.2970
2026-03-09 09:08:47 - nn.expander - INFO - Train | Grad Norm: 8.4582

2026-03-09 09:08:47 - nn.expander - INFO - Train | Batch Size: 40 | Avg Precision: 0.6132 | Avg Recall: 0.5090
2026-03-09 09:08:47 - nn.expander - INFO - Train | Batch Loss: -10.8244
2026-03-09 09:08:47 - nn.expander - INFO - Train | Grad Norm: 6.7499

2026-03-09 09:08:48 - nn.expander - INFO - Train | Batch Size: 40 | Avg Precision: 0.6786 | Avg Recall: 0.3861
2026-03-09 09:08:48 - nn.expander - INFO - Train | Batch Loss: -15.6233
2026-03-09 09:08:48 - nn.expander - INFO - Train | Grad Norm: 5.8263

2026-03-09 09:08:48 - nn.expander - INFO - Train | Batch Size: 40 | Avg Precision: 0.6750 | Avg Recall: 0.4678
2026-03-09 09:08:48 - nn.expander - INFO - Train | Batch Loss: -11.8734
2026-03-09 09:08:48 - nn.expander - INFO - Train | Grad Norm: 8.9946

2026-03-09 09:08:48 - nn.expander - INFO - Train | Batch Size: 40 | Avg Precision: 0.6863 | Avg Recall: 0.5503
2026-03-09 09:08:48 - nn.expander - INFO - Train | Batch Loss: -14.0051
2026-03-09 09:08:48 - nn.expander - INFO - Train | Grad Norm: 6.0820

2026-03-09 09:08:48 - nn.expander - INFO - Train | Batch Size: 40 | Avg Precision: 0.6904 | Avg Recall: 0.4876
2026-03-09 09:08:48 - nn.expander - INFO - Train | Batch Loss: -0.2031
2026-03-09 09:08:48 - nn.expander - INFO - Train | Grad Norm: 6.6994

2026-03-09 09:08:48 - nn.expander - INFO - Train | Batch Size: 40 | Avg Precision: 0.6412 | Avg Recall: 0.5149
2026-03-09 09:08:48 - nn.expander - INFO - Train | Batch Loss: -15.1320
2026-03-09 09:08:48 - nn.expander - INFO - Train | Grad Norm: 5.3706

2026-03-09 09:08:49 - nn.expander - INFO - Train | Batch Size: 40 | Avg Precision: 0.7040 | Avg Recall: 0.4215
2026-03-09 09:08:49 - nn.expander - INFO - Train | Batch Loss: -4.7889
2026-03-09 09:08:49 - nn.expander - INFO - Train | Grad Norm: 11.1646

2026-03-09 09:08:49 - nn.expander - INFO - Train | Batch Size: 40 | Avg Precision: 0.7046 | Avg Recall: 0.4634
2026-03-09 09:08:49 - nn.expander - INFO - Train | Batch Loss: -18.0316
2026-03-09 09:08:49 - nn.expander - INFO - Train | Grad Norm: 7.4154

2026-03-09 09:08:49 - nn.expander - INFO - Train | Batch Size: 40 | Avg Precision: 0.6501 | Avg Recall: 0.3940
2026-03-09 09:08:49 - nn.expander - INFO - Train | Batch Loss: -23.2658
2026-03-09 09:08:49 - nn.expander - INFO - Train | Grad Norm: 14.1238

2026-03-09 09:08:49 - nn.expander - INFO - Train | Batch Size: 40 | Avg Precision: 0.6969 | Avg Recall: 0.4614
2026-03-09 09:08:49 - nn.expander - INFO - Train | Batch Loss: -8.4409
2026-03-09 09:08:49 - nn.expander - INFO - Train | Grad Norm: 12.0163

2026-03-09 09:08:49 - nn.expander - INFO - Train | Batch Size: 40 | Avg Precision: 0.6667 | Avg Recall: 0.4637
2026-03-09 09:08:49 - nn.expander - INFO - Train | Batch Loss: -12.9278
2026-03-09 09:08:49 - nn.expander - INFO - Train | Grad Norm: 5.9845

2026-03-09 09:08:50 - nn.expander - INFO - Train | Batch Size: 40 | Avg Precision: 0.6244 | Avg Recall: 0.5272
2026-03-09 09:08:50 - nn.expander - INFO - Train | Batch Loss: -7.9069
2026-03-09 09:08:50 - nn.expander - INFO - Train | Grad Norm: 7.6199

2026-03-09 09:08:50 - nn.expander - INFO - Train | Batch Size: 40 | Avg Precision: 0.7460 | Avg Recall: 0.4001
2026-03-09 09:08:50 - nn.expander - INFO - Train | Batch Loss: -14.9853
2026-03-09 09:08:50 - nn.expander - INFO - Train | Grad Norm: 6.2832

2026-03-09 09:08:50 - nn.expander - INFO - Train | Batch Size: 40 | Avg Precision: 0.7532 | Avg Recall: 0.4232
2026-03-09 09:08:50 - nn.expander - INFO - Train | Batch Loss: -13.1590
2026-03-09 09:08:50 - nn.expander - INFO - Train | Grad Norm: 5.6146

2026-03-09 09:08:50 - nn.expander - INFO - Train | Batch Size: 40 | Avg Precision: 0.7458 | Avg Recall: 0.4537
2026-03-09 09:08:50 - nn.expander - INFO - Train | Batch Loss: -14.0981
2026-03-09 09:08:50 - nn.expander - INFO - Train | Grad Norm: 9.0455

2026-03-09 09:08:50 - nn.expander - INFO - Train | Batch Size: 40 | Avg Precision: 0.8482 | Avg Recall: 0.4659
2026-03-09 09:08:50 - nn.expander - INFO - Train | Batch Loss: 3.0239
2026-03-09 09:08:50 - nn.expander - INFO - Train | Grad Norm: 8.0994

2026-03-09 09:08:50 - nn.expander - INFO - Train | Batch Size: 40 | Avg Precision: 0.7894 | Avg Recall: 0.4208
2026-03-09 09:08:50 - nn.expander - INFO - Train | Batch Loss: -7.9929
2026-03-09 09:08:51 - nn.expander - INFO - Train | Grad Norm: 6.6314

2026-03-09 09:08:51 - nn.expander - INFO - Train | Batch Size: 40 | Avg Precision: 0.7833 | Avg Recall: 0.4616
2026-03-09 09:08:51 - nn.expander - INFO - Train | Batch Loss: -3.1364
2026-03-09 09:08:51 - nn.expander - INFO - Train | Grad Norm: 2.6782

2026-03-09 09:08:51 - nn.expander - INFO - Train | Batch Size: 40 | Avg Precision: 0.6562 | Avg Recall: 0.4377
2026-03-09 09:08:51 - nn.expander - INFO - Train | Batch Loss: -4.2074
2026-03-09 09:08:51 - nn.expander - INFO - Train | Grad Norm: 3.6241

2026-03-09 09:08:51 - nn.expander - INFO - Train | Batch Size: 40 | Avg Precision: 0.8233 | Avg Recall: 0.4753
2026-03-09 09:08:51 - nn.expander - INFO - Train | Batch Loss: -7.4451
2026-03-09 09:08:51 - nn.expander - INFO - Train | Grad Norm: 4.1867

2026-03-09 09:08:51 - nn.expander - INFO - Train | Batch Size: 40 | Avg Precision: 0.6584 | Avg Recall: 0.4413
2026-03-09 09:08:51 - nn.expander - INFO - Train | Batch Loss: -13.8393
2026-03-09 09:08:51 - nn.expander - INFO - Train | Grad Norm: 6.2189

2026-03-09 09:08:51 - nn.expander - INFO - Train | Batch Size: 40 | Avg Precision: 0.7219 | Avg Recall: 0.4571
2026-03-09 09:08:51 - nn.expander - INFO - Train | Batch Loss: -8.5027
2026-03-09 09:08:51 - nn.expander - INFO - Train | Grad Norm: 5.9322

2026-03-09 09:08:51 - nn.expander - INFO - Train | Batch Size: 40 | Avg Precision: 0.8079 | Avg Recall: 0.4579
2026-03-09 09:08:51 - nn.expander - INFO - Train | Batch Loss: -3.5138
2026-03-09 09:08:51 - nn.expander - INFO - Train | Grad Norm: 4.0747

2026-03-09 09:08:52 - nn.expander - INFO - Train | Batch Size: 40 | Avg Precision: 0.8248 | Avg Recall: 0.4188
2026-03-09 09:08:52 - nn.expander - INFO - Train | Batch Loss: -7.1137
2026-03-09 09:08:52 - nn.expander - INFO - Train | Grad Norm: 4.9406

2026-03-09 09:08:52 - nn.expander - INFO - Train | Batch Size: 40 | Avg Precision: 0.7104 | Avg Recall: 0.4970
2026-03-09 09:08:52 - nn.expander - INFO - Train | Batch Loss: -11.6213
2026-03-09 09:08:52 - nn.expander - INFO - Train | Grad Norm: 7.0851

2026-03-09 09:08:52 - nn.expander - INFO - Train | Batch Size: 40 | Avg Precision: 0.8760 | Avg Recall: 0.4161
2026-03-09 09:08:52 - nn.expander - INFO - Train | Batch Loss: 6.3484
2026-03-09 09:08:52 - nn.expander - INFO - Train | Grad Norm: 9.2896

2026-03-09 09:08:52 - nn.expander - INFO - Train | Batch Size: 40 | Avg Precision: 0.7725 | Avg Recall: 0.4389
2026-03-09 09:08:52 - nn.expander - INFO - Train | Batch Loss: -9.3632
2026-03-09 09:08:52 - nn.expander - INFO - Train | Grad Norm: 8.0095

2026-03-09 09:08:53 - root - INFO - ✅ 数据集 elliptic 训练完成！最终测试集F1：0.5334
2026-03-09 09:08:53 - root - INFO - 
======================================================================
📊 所有数据集训练结果汇总
======================================================================
2026-03-09 09:08:53 - root - INFO - 数据集        | P      | R      | F1    
2026-03-09 09:08:53 - root - INFO - ----------------------------------------------------------------------
2026-03-09 09:08:53 - root - INFO - elliptic   | 0.7296 | 0.5732 | 0.5334
2026-03-09 09:08:53 - root - INFO - ✅ 所有数据集训练流程执行完毕！
2026-03-09 09:10:49 - root - INFO - ✅ 工作目录已设置为：/home/u2023312299/sci
2026-03-09 09:10:49 - root - INFO - 🔄 项目启动，开始执行数据集训练流程
2026-03-09 09:10:49 - root - INFO - 
📋 开始批量训练数据集：['elliptic'] (全局种子=2026)
2026-03-09 09:10:49 - root - INFO - 
======================================================================
🚀 开始训练数据集：elliptic (种子=2026)
======================================================================
2026-03-09 09:10:49 - root - INFO - ✅ 随机种子已设置为：2026
2026-03-09 09:10:49 - root - INFO - ✅ 加载数据集 elliptic 配置完成，核心参数：p_bias=10, len_penalty_coeff=0.99
2026-03-09 09:11:15 - nn.expander - INFO - Train | Batch Size: 40 | Avg Precision: 0.4245 | Avg Recall: 0.5020
2026-03-09 09:11:15 - nn.expander - INFO - Train | Batch Loss: -116.3171
2026-03-09 09:11:16 - nn.expander - INFO - Train | Grad Norm: 102.4471

2026-03-09 09:11:16 - nn.expander - INFO - Train | Batch Size: 40 | Avg Precision: 0.5243 | Avg Recall: 0.6135
2026-03-09 09:11:16 - nn.expander - INFO - Train | Batch Loss: -83.6375
2026-03-09 09:11:17 - nn.expander - INFO - Train | Grad Norm: 63.6867

2026-03-09 09:11:17 - nn.expander - INFO - Train | Batch Size: 40 | Avg Precision: 0.4341 | Avg Recall: 0.4861
2026-03-09 09:11:17 - nn.expander - INFO - Train | Batch Loss: -80.7287
2026-03-09 09:11:18 - nn.expander - INFO - Train | Grad Norm: 25.7883

2026-03-09 09:11:18 - nn.expander - INFO - Train | Batch Size: 40 | Avg Precision: 0.5816 | Avg Recall: 0.5178
2026-03-09 09:11:18 - nn.expander - INFO - Train | Batch Loss: -87.1908
2026-03-09 09:11:18 - nn.expander - INFO - Train | Grad Norm: 64.4360

2026-03-09 09:11:19 - nn.expander - INFO - Train | Batch Size: 40 | Avg Precision: 0.4335 | Avg Recall: 0.5034
2026-03-09 09:11:19 - nn.expander - INFO - Train | Batch Loss: -128.3005
2026-03-09 09:11:19 - nn.expander - INFO - Train | Grad Norm: 39.9413

2026-03-09 09:11:20 - nn.expander - INFO - Train | Batch Size: 40 | Avg Precision: 0.5329 | Avg Recall: 0.5740
2026-03-09 09:11:20 - nn.expander - INFO - Train | Batch Loss: -78.2018
2026-03-09 09:11:20 - nn.expander - INFO - Train | Grad Norm: 49.6612

2026-03-09 09:11:20 - nn.expander - INFO - Train | Batch Size: 40 | Avg Precision: 0.6292 | Avg Recall: 0.5035
2026-03-09 09:11:20 - nn.expander - INFO - Train | Batch Loss: -66.6452
2026-03-09 09:11:20 - nn.expander - INFO - Train | Grad Norm: 41.3900

2026-03-09 09:11:21 - nn.expander - INFO - Train | Batch Size: 40 | Avg Precision: 0.6137 | Avg Recall: 0.5544
2026-03-09 09:11:21 - nn.expander - INFO - Train | Batch Loss: -62.4626
2026-03-09 09:11:21 - nn.expander - INFO - Train | Grad Norm: 31.4290

2026-03-09 09:11:21 - nn.expander - INFO - Train | Batch Size: 40 | Avg Precision: 0.5982 | Avg Recall: 0.5549
2026-03-09 09:11:21 - nn.expander - INFO - Train | Batch Loss: -65.5077
2026-03-09 09:11:22 - nn.expander - INFO - Train | Grad Norm: 17.7913

2026-03-09 09:11:22 - nn.expander - INFO - Train | Batch Size: 40 | Avg Precision: 0.5291 | Avg Recall: 0.4895
2026-03-09 09:11:22 - nn.expander - INFO - Train | Batch Loss: -69.9042
2026-03-09 09:11:22 - nn.expander - INFO - Train | Grad Norm: 40.4964

2026-03-09 09:11:23 - nn.expander - INFO - Train | Batch Size: 40 | Avg Precision: 0.5983 | Avg Recall: 0.4225
2026-03-09 09:11:23 - nn.expander - INFO - Train | Batch Loss: -57.7382
2026-03-09 09:11:23 - nn.expander - INFO - Train | Grad Norm: 20.5443

2026-03-09 09:11:23 - nn.expander - INFO - Train | Batch Size: 40 | Avg Precision: 0.6419 | Avg Recall: 0.5155
2026-03-09 09:11:23 - nn.expander - INFO - Train | Batch Loss: -34.8970
2026-03-09 09:11:23 - nn.expander - INFO - Train | Grad Norm: 16.5397

2026-03-09 09:11:23 - nn.expander - INFO - Train | Batch Size: 40 | Avg Precision: 0.6367 | Avg Recall: 0.4188
2026-03-09 09:11:23 - nn.expander - INFO - Train | Batch Loss: -38.5461
2026-03-09 09:11:24 - nn.expander - INFO - Train | Grad Norm: 14.1709

2026-03-09 09:11:24 - nn.expander - INFO - Train | Batch Size: 40 | Avg Precision: 0.6931 | Avg Recall: 0.5103
2026-03-09 09:11:24 - nn.expander - INFO - Train | Batch Loss: -7.4026
2026-03-09 09:11:24 - nn.expander - INFO - Train | Grad Norm: 9.3874

2026-03-09 09:11:24 - nn.expander - INFO - Train | Batch Size: 40 | Avg Precision: 0.7519 | Avg Recall: 0.3682
2026-03-09 09:11:24 - nn.expander - INFO - Train | Batch Loss: -21.2794
2026-03-09 09:11:24 - nn.expander - INFO - Train | Grad Norm: 10.7049

2026-03-09 09:11:25 - nn.expander - INFO - Train | Batch Size: 40 | Avg Precision: 0.7298 | Avg Recall: 0.4130
2026-03-09 09:11:25 - nn.expander - INFO - Train | Batch Loss: -31.8972
2026-03-09 09:11:25 - nn.expander - INFO - Train | Grad Norm: 9.7103

2026-03-09 09:11:25 - nn.expander - INFO - Train | Batch Size: 40 | Avg Precision: 0.7213 | Avg Recall: 0.4472
2026-03-09 09:11:25 - nn.expander - INFO - Train | Batch Loss: -14.8138
2026-03-09 09:11:25 - nn.expander - INFO - Train | Grad Norm: 6.6866

2026-03-09 09:11:25 - nn.expander - INFO - Train | Batch Size: 40 | Avg Precision: 0.7816 | Avg Recall: 0.4201
2026-03-09 09:11:25 - nn.expander - INFO - Train | Batch Loss: -3.5642
2026-03-09 09:11:25 - nn.expander - INFO - Train | Grad Norm: 3.4764

2026-03-09 09:11:25 - nn.expander - INFO - Train | Batch Size: 40 | Avg Precision: 0.8207 | Avg Recall: 0.4432
2026-03-09 09:11:25 - nn.expander - INFO - Train | Batch Loss: -3.2666
2026-03-09 09:11:25 - nn.expander - INFO - Train | Grad Norm: 4.4012

2026-03-09 09:11:25 - nn.expander - INFO - Train | Batch Size: 40 | Avg Precision: 0.7718 | Avg Recall: 0.4008
2026-03-09 09:11:26 - nn.expander - INFO - Train | Batch Loss: -11.9214
2026-03-09 09:11:26 - nn.expander - INFO - Train | Grad Norm: 24.8705

2026-03-09 09:11:26 - nn.expander - INFO - Train | Batch Size: 40 | Avg Precision: 0.8210 | Avg Recall: 0.3940
2026-03-09 09:11:26 - nn.expander - INFO - Train | Batch Loss: -12.3444
2026-03-09 09:11:26 - nn.expander - INFO - Train | Grad Norm: 23.3830

2026-03-09 09:11:26 - nn.expander - INFO - Train | Batch Size: 40 | Avg Precision: 0.7533 | Avg Recall: 0.3482
2026-03-09 09:11:26 - nn.expander - INFO - Train | Batch Loss: -38.0687
2026-03-09 09:11:26 - nn.expander - INFO - Train | Grad Norm: 26.4001

2026-03-09 09:11:26 - nn.expander - INFO - Train | Batch Size: 40 | Avg Precision: 0.7583 | Avg Recall: 0.4011
2026-03-09 09:11:26 - nn.expander - INFO - Train | Batch Loss: -2.7362
2026-03-09 09:11:27 - nn.expander - INFO - Train | Grad Norm: 13.6610

2026-03-09 09:11:27 - nn.expander - INFO - Train | Batch Size: 40 | Avg Precision: 0.7885 | Avg Recall: 0.4473
2026-03-09 09:11:27 - nn.expander - INFO - Train | Batch Loss: -10.2141
2026-03-09 09:11:27 - nn.expander - INFO - Train | Grad Norm: 8.5462

2026-03-09 09:11:27 - nn.expander - INFO - Train | Batch Size: 40 | Avg Precision: 0.7969 | Avg Recall: 0.4527
2026-03-09 09:11:27 - nn.expander - INFO - Train | Batch Loss: 3.2581
2026-03-09 09:11:27 - nn.expander - INFO - Train | Grad Norm: 12.5381

2026-03-09 09:11:27 - nn.expander - INFO - Train | Batch Size: 40 | Avg Precision: 0.8330 | Avg Recall: 0.4084
2026-03-09 09:11:27 - nn.expander - INFO - Train | Batch Loss: -8.2360
2026-03-09 09:11:27 - nn.expander - INFO - Train | Grad Norm: 5.8466

2026-03-09 09:11:27 - nn.expander - INFO - Train | Batch Size: 40 | Avg Precision: 0.8443 | Avg Recall: 0.4007
2026-03-09 09:11:27 - nn.expander - INFO - Train | Batch Loss: -12.6054
2026-03-09 09:11:27 - nn.expander - INFO - Train | Grad Norm: 9.1659

2026-03-09 09:11:28 - nn.expander - INFO - Train | Batch Size: 40 | Avg Precision: 0.8046 | Avg Recall: 0.4427
2026-03-09 09:11:28 - nn.expander - INFO - Train | Batch Loss: -11.5841
2026-03-09 09:11:28 - nn.expander - INFO - Train | Grad Norm: 22.4435

2026-03-09 09:11:28 - nn.expander - INFO - Train | Batch Size: 40 | Avg Precision: 0.9015 | Avg Recall: 0.4005
2026-03-09 09:11:28 - nn.expander - INFO - Train | Batch Loss: 1.6367
2026-03-09 09:11:28 - nn.expander - INFO - Train | Grad Norm: 6.1472

2026-03-09 09:11:28 - nn.expander - INFO - Train | Batch Size: 40 | Avg Precision: 0.8193 | Avg Recall: 0.3834
2026-03-09 09:11:28 - nn.expander - INFO - Train | Batch Loss: -7.7627
2026-03-09 09:11:28 - nn.expander - INFO - Train | Grad Norm: 5.0939

2026-03-09 09:11:28 - nn.expander - INFO - Train | Batch Size: 40 | Avg Precision: 0.8585 | Avg Recall: 0.4027
2026-03-09 09:11:28 - nn.expander - INFO - Train | Batch Loss: -3.1922
2026-03-09 09:11:28 - nn.expander - INFO - Train | Grad Norm: 17.6683

2026-03-09 09:11:28 - nn.expander - INFO - Train | Batch Size: 40 | Avg Precision: 0.7006 | Avg Recall: 0.4529
2026-03-09 09:11:28 - nn.expander - INFO - Train | Batch Loss: -10.3588
2026-03-09 09:11:28 - nn.expander - INFO - Train | Grad Norm: 6.2372

2026-03-09 09:11:28 - nn.expander - INFO - Train | Batch Size: 40 | Avg Precision: 0.9605 | Avg Recall: 0.4097
2026-03-09 09:11:28 - nn.expander - INFO - Train | Batch Loss: 2.6196
2026-03-09 09:11:28 - nn.expander - INFO - Train | Grad Norm: 3.0397

2026-03-09 09:11:29 - nn.expander - INFO - Train | Batch Size: 40 | Avg Precision: 0.8250 | Avg Recall: 0.3784
2026-03-09 09:11:29 - nn.expander - INFO - Train | Batch Loss: -14.9464
2026-03-09 09:11:29 - nn.expander - INFO - Train | Grad Norm: 12.9427

2026-03-09 09:11:29 - nn.expander - INFO - Train | Batch Size: 40 | Avg Precision: 0.8158 | Avg Recall: 0.4267
2026-03-09 09:11:29 - nn.expander - INFO - Train | Batch Loss: -10.0262
2026-03-09 09:11:29 - nn.expander - INFO - Train | Grad Norm: 7.5393

2026-03-09 09:11:29 - nn.expander - INFO - Train | Batch Size: 40 | Avg Precision: 0.9414 | Avg Recall: 0.4014
2026-03-09 09:11:29 - nn.expander - INFO - Train | Batch Loss: 4.8433
2026-03-09 09:11:29 - nn.expander - INFO - Train | Grad Norm: 6.6741

2026-03-09 09:11:29 - nn.expander - INFO - Train | Batch Size: 40 | Avg Precision: 0.8397 | Avg Recall: 0.4121
2026-03-09 09:11:29 - nn.expander - INFO - Train | Batch Loss: -6.6526
2026-03-09 09:11:29 - nn.expander - INFO - Train | Grad Norm: 5.0260

2026-03-09 09:11:29 - nn.expander - INFO - Train | Batch Size: 40 | Avg Precision: 0.7636 | Avg Recall: 0.4720
2026-03-09 09:11:29 - nn.expander - INFO - Train | Batch Loss: -23.4483
2026-03-09 09:11:29 - nn.expander - INFO - Train | Grad Norm: 12.0011

2026-03-09 09:11:29 - nn.expander - INFO - Train | Batch Size: 40 | Avg Precision: 0.8572 | Avg Recall: 0.3697
2026-03-09 09:11:29 - nn.expander - INFO - Train | Batch Loss: -6.1503
2026-03-09 09:11:30 - nn.expander - INFO - Train | Grad Norm: 5.2956

2026-03-09 09:11:30 - nn.expander - INFO - Train | Batch Size: 40 | Avg Precision: 0.7922 | Avg Recall: 0.4018
2026-03-09 09:11:30 - nn.expander - INFO - Train | Batch Loss: -14.3616
2026-03-09 09:11:30 - nn.expander - INFO - Train | Grad Norm: 4.3845

2026-03-09 09:11:30 - root - INFO - ✅ 数据集 elliptic 训练完成！最终测试集F1：0.5680
2026-03-09 09:11:30 - root - INFO - 
======================================================================
📊 所有数据集训练结果汇总
======================================================================
2026-03-09 09:11:30 - root - INFO - 数据集        | P      | R      | F1    
2026-03-09 09:11:30 - root - INFO - ----------------------------------------------------------------------
2026-03-09 09:11:30 - root - INFO - elliptic   | 0.8587 | 0.5493 | 0.5680
2026-03-09 09:11:30 - root - INFO - ✅ 所有数据集训练流程执行完毕！
2026-03-09 09:14:57 - root - INFO - ✅ 工作目录已设置为：/home/u2023312299/sci
2026-03-09 09:14:57 - root - INFO - 🔄 项目启动，开始执行数据集训练流程
2026-03-09 09:14:57 - root - INFO - 
📋 开始批量训练数据集：['elliptic'] (全局种子=2026)
2026-03-09 09:14:57 - root - INFO - 
======================================================================
🚀 开始训练数据集：elliptic (种子=2026)
======================================================================
2026-03-09 09:14:57 - root - INFO - ✅ 随机种子已设置为：2026
2026-03-09 09:14:57 - root - INFO - ✅ 加载数据集 elliptic 配置完成，核心参数：p_bias=10, len_penalty_coeff=0.99
2026-03-09 09:15:23 - nn.expander - INFO - Train | Batch Size: 40 | Avg Precision: 0.4245 | Avg Recall: 0.5020
2026-03-09 09:15:23 - nn.expander - INFO - Train | Batch Loss: -116.3171
2026-03-09 09:15:24 - nn.expander - INFO - Train | Grad Norm: 102.4471

2026-03-09 09:15:24 - nn.expander - INFO - Train | Batch Size: 40 | Avg Precision: 0.5243 | Avg Recall: 0.6135
2026-03-09 09:15:24 - nn.expander - INFO - Train | Batch Loss: -83.6375
2026-03-09 09:15:24 - nn.expander - INFO - Train | Grad Norm: 63.6867

2026-03-09 09:15:25 - nn.expander - INFO - Train | Batch Size: 40 | Avg Precision: 0.4341 | Avg Recall: 0.4861
2026-03-09 09:15:25 - nn.expander - INFO - Train | Batch Loss: -80.7287
2026-03-09 09:15:25 - nn.expander - INFO - Train | Grad Norm: 25.7883

2026-03-09 09:15:26 - nn.expander - INFO - Train | Batch Size: 40 | Avg Precision: 0.5816 | Avg Recall: 0.5178
2026-03-09 09:15:26 - nn.expander - INFO - Train | Batch Loss: -87.1908
2026-03-09 09:15:26 - nn.expander - INFO - Train | Grad Norm: 64.4360

2026-03-09 09:15:27 - nn.expander - INFO - Train | Batch Size: 40 | Avg Precision: 0.4335 | Avg Recall: 0.5034
2026-03-09 09:15:27 - nn.expander - INFO - Train | Batch Loss: -128.3005
2026-03-09 09:15:27 - nn.expander - INFO - Train | Grad Norm: 39.9413

2026-03-09 09:15:54 - root - INFO - ✅ 工作目录已设置为：/home/u2023312299/sci
2026-03-09 09:15:54 - root - INFO - 🔄 项目启动，开始执行数据集训练流程
2026-03-09 09:15:54 - root - INFO - 
📋 开始批量训练数据集：['elliptic'] (全局种子=2026)
2026-03-09 09:15:54 - root - INFO - 
======================================================================
🚀 开始训练数据集：elliptic (种子=2026)
======================================================================
2026-03-09 09:15:54 - root - INFO - ✅ 随机种子已设置为：2026
2026-03-09 09:15:54 - root - INFO - ✅ 加载数据集 elliptic 配置完成，核心参数：p_bias=10, len_penalty_coeff=0.99
2026-03-09 09:16:21 - nn.expander - INFO - Train | Batch Size: 40 | Avg Precision: 0.4245 | Avg Recall: 0.5020
2026-03-09 09:16:21 - nn.expander - INFO - Train | Batch Loss: -116.3171
2026-03-09 09:16:22 - nn.expander - INFO - Train | Grad Norm: 102.4471

2026-03-09 09:16:22 - nn.expander - INFO - Train | Batch Size: 40 | Avg Precision: 0.5243 | Avg Recall: 0.6135
2026-03-09 09:16:22 - nn.expander - INFO - Train | Batch Loss: -83.6375
2026-03-09 09:16:23 - nn.expander - INFO - Train | Grad Norm: 63.6867

2026-03-09 09:16:23 - nn.expander - INFO - Train | Batch Size: 40 | Avg Precision: 0.4341 | Avg Recall: 0.4861
2026-03-09 09:16:23 - nn.expander - INFO - Train | Batch Loss: -80.7287
2026-03-09 09:16:23 - nn.expander - INFO - Train | Grad Norm: 25.7883

2026-03-09 09:16:24 - nn.expander - INFO - Train | Batch Size: 40 | Avg Precision: 0.5816 | Avg Recall: 0.5178
2026-03-09 09:16:24 - nn.expander - INFO - Train | Batch Loss: -87.1908
2026-03-09 09:16:24 - nn.expander - INFO - Train | Grad Norm: 64.4360

2026-03-09 09:16:25 - nn.expander - INFO - Train | Batch Size: 40 | Avg Precision: 0.4335 | Avg Recall: 0.5034
2026-03-09 09:16:25 - nn.expander - INFO - Train | Batch Loss: -128.3005
2026-03-09 09:16:25 - nn.expander - INFO - Train | Grad Norm: 39.9413

2026-03-09 09:16:25 - nn.expander - INFO - Train | Batch Size: 40 | Avg Precision: 0.5329 | Avg Recall: 0.5740
2026-03-09 09:16:25 - nn.expander - INFO - Train | Batch Loss: -78.2018
2026-03-09 09:16:26 - nn.expander - INFO - Train | Grad Norm: 49.6612

2026-03-09 09:19:01 - root - INFO - ✅ 工作目录已设置为：/home/u2023312299/sci
2026-03-09 09:19:01 - root - INFO - 🔄 项目启动，开始执行数据集训练流程
2026-03-09 09:19:01 - root - INFO - 
📋 开始批量训练数据集：['elliptic'] (全局种子=2026)
2026-03-09 09:19:01 - root - INFO - 
======================================================================
🚀 开始训练数据集：elliptic (种子=2026)
======================================================================
2026-03-09 09:19:01 - root - INFO - ✅ 随机种子已设置为：2026
2026-03-09 09:19:01 - root - INFO - ✅ 加载数据集 elliptic 配置完成，核心参数：p_bias=10, len_penalty_coeff=0.99
2026-03-09 09:19:28 - nn.expander - INFO - Train | Batch Size: 40 | Avg Precision: 0.1291 | Avg Recall: 0.5910
2026-03-09 09:19:28 - nn.expander - INFO - Train | Batch Loss: -237.1357
2026-03-09 09:19:29 - nn.expander - INFO - Train | Grad Norm: 142.4026

2026-03-09 09:19:30 - nn.expander - INFO - Train | Batch Size: 40 | Avg Precision: 0.1313 | Avg Recall: 0.6112
2026-03-09 09:19:30 - nn.expander - INFO - Train | Batch Loss: -256.1753
2026-03-09 09:19:31 - nn.expander - INFO - Train | Grad Norm: 98.9643

2026-03-09 09:19:32 - nn.expander - INFO - Train | Batch Size: 40 | Avg Precision: 0.1507 | Avg Recall: 0.6909
2026-03-09 09:19:32 - nn.expander - INFO - Train | Batch Loss: -237.0436
2026-03-09 09:19:33 - nn.expander - INFO - Train | Grad Norm: 57.8019

2026-03-09 09:19:34 - nn.expander - INFO - Train | Batch Size: 40 | Avg Precision: 0.1537 | Avg Recall: 0.6820
2026-03-09 09:19:34 - nn.expander - INFO - Train | Batch Loss: -288.6632
2026-03-09 09:19:35 - nn.expander - INFO - Train | Grad Norm: 111.8128

2026-03-09 09:19:36 - nn.expander - INFO - Train | Batch Size: 40 | Avg Precision: 0.1260 | Avg Recall: 0.6107
2026-03-09 09:19:36 - nn.expander - INFO - Train | Batch Loss: -240.0692
2026-03-09 09:19:37 - nn.expander - INFO - Train | Grad Norm: 68.0860

2026-03-09 09:19:37 - nn.expander - INFO - Train | Batch Size: 40 | Avg Precision: 0.1627 | Avg Recall: 0.7083
2026-03-09 09:19:37 - nn.expander - INFO - Train | Batch Loss: -242.9618
2026-03-09 09:19:38 - nn.expander - INFO - Train | Grad Norm: 71.3671

2026-03-09 09:19:39 - nn.expander - INFO - Train | Batch Size: 40 | Avg Precision: 0.1407 | Avg Recall: 0.7398
2026-03-09 09:19:39 - nn.expander - INFO - Train | Batch Loss: -278.3614
2026-03-09 09:19:40 - nn.expander - INFO - Train | Grad Norm: 72.3276

2026-03-09 09:19:41 - nn.expander - INFO - Train | Batch Size: 40 | Avg Precision: 0.1729 | Avg Recall: 0.7788
2026-03-09 09:19:41 - nn.expander - INFO - Train | Batch Loss: -248.8010
2026-03-09 09:19:41 - nn.expander - INFO - Train | Grad Norm: 76.2839

2026-03-09 09:19:42 - nn.expander - INFO - Train | Batch Size: 40 | Avg Precision: 0.1684 | Avg Recall: 0.7445
2026-03-09 09:19:42 - nn.expander - INFO - Train | Batch Loss: -246.0957
2026-03-09 09:19:43 - nn.expander - INFO - Train | Grad Norm: 49.4913

2026-03-09 09:19:43 - nn.expander - INFO - Train | Batch Size: 40 | Avg Precision: 0.1629 | Avg Recall: 0.6637
2026-03-09 09:19:43 - nn.expander - INFO - Train | Batch Loss: -226.8294
2026-03-09 09:19:44 - nn.expander - INFO - Train | Grad Norm: 58.2492

2026-03-09 09:19:45 - nn.expander - INFO - Train | Batch Size: 40 | Avg Precision: 0.1300 | Avg Recall: 0.6152
2026-03-09 09:19:45 - nn.expander - INFO - Train | Batch Loss: -248.9380
2026-03-09 09:19:45 - nn.expander - INFO - Train | Grad Norm: 54.6844

2026-03-09 09:19:46 - nn.expander - INFO - Train | Batch Size: 40 | Avg Precision: 0.1212 | Avg Recall: 0.7316
2026-03-09 09:19:46 - nn.expander - INFO - Train | Batch Loss: -254.6870
2026-03-09 09:19:47 - nn.expander - INFO - Train | Grad Norm: 69.1565

2026-03-09 09:19:48 - nn.expander - INFO - Train | Batch Size: 40 | Avg Precision: 0.1388 | Avg Recall: 0.6713
2026-03-09 09:19:48 - nn.expander - INFO - Train | Batch Loss: -198.4025
2026-03-09 09:19:48 - nn.expander - INFO - Train | Grad Norm: 51.8077

2026-03-09 09:19:49 - nn.expander - INFO - Train | Batch Size: 40 | Avg Precision: 0.1700 | Avg Recall: 0.7309
2026-03-09 09:19:49 - nn.expander - INFO - Train | Batch Loss: -209.9016
2026-03-09 09:19:50 - nn.expander - INFO - Train | Grad Norm: 51.5552

2026-03-09 09:19:50 - nn.expander - INFO - Train | Batch Size: 40 | Avg Precision: 0.1559 | Avg Recall: 0.6489
2026-03-09 09:19:50 - nn.expander - INFO - Train | Batch Loss: -198.6449
2026-03-09 09:19:51 - nn.expander - INFO - Train | Grad Norm: 36.6813

2026-03-09 09:19:52 - nn.expander - INFO - Train | Batch Size: 40 | Avg Precision: 0.1747 | Avg Recall: 0.7034
2026-03-09 09:19:52 - nn.expander - INFO - Train | Batch Loss: -231.1754
2026-03-09 09:19:53 - nn.expander - INFO - Train | Grad Norm: 36.5607

2026-03-09 09:19:54 - nn.expander - INFO - Train | Batch Size: 40 | Avg Precision: 0.1499 | Avg Recall: 0.7880
2026-03-09 09:19:54 - nn.expander - INFO - Train | Batch Loss: -262.1423
2026-03-09 09:19:54 - nn.expander - INFO - Train | Grad Norm: 61.3047

2026-03-09 09:19:55 - nn.expander - INFO - Train | Batch Size: 40 | Avg Precision: 0.1600 | Avg Recall: 0.8057
2026-03-09 09:19:55 - nn.expander - INFO - Train | Batch Loss: -261.6718
2026-03-09 09:19:56 - nn.expander - INFO - Train | Grad Norm: 52.8186

2026-03-09 09:19:57 - nn.expander - INFO - Train | Batch Size: 40 | Avg Precision: 0.1638 | Avg Recall: 0.7296
2026-03-09 09:19:57 - nn.expander - INFO - Train | Batch Loss: -226.1466
2026-03-09 09:19:58 - nn.expander - INFO - Train | Grad Norm: 42.9835

2026-03-09 09:19:59 - nn.expander - INFO - Train | Batch Size: 40 | Avg Precision: 0.1527 | Avg Recall: 0.6631
2026-03-09 09:19:59 - nn.expander - INFO - Train | Batch Loss: -211.9369
2026-03-09 09:19:59 - nn.expander - INFO - Train | Grad Norm: 42.2753

2026-03-09 09:20:00 - nn.expander - INFO - Train | Batch Size: 40 | Avg Precision: 0.1413 | Avg Recall: 0.7617
2026-03-09 09:20:00 - nn.expander - INFO - Train | Batch Loss: -232.2583
2026-03-09 09:20:01 - nn.expander - INFO - Train | Grad Norm: 54.5169

2026-03-09 09:20:02 - nn.expander - INFO - Train | Batch Size: 40 | Avg Precision: 0.1350 | Avg Recall: 0.6541
2026-03-09 09:20:02 - nn.expander - INFO - Train | Batch Loss: -246.1606
2026-03-09 09:20:03 - nn.expander - INFO - Train | Grad Norm: 65.4408

2026-03-09 09:20:04 - nn.expander - INFO - Train | Batch Size: 40 | Avg Precision: 0.1400 | Avg Recall: 0.6856
2026-03-09 09:20:04 - nn.expander - INFO - Train | Batch Loss: -293.2838
2026-03-09 09:20:05 - nn.expander - INFO - Train | Grad Norm: 80.3449

2026-03-09 09:20:06 - nn.expander - INFO - Train | Batch Size: 40 | Avg Precision: 0.1552 | Avg Recall: 0.6507
2026-03-09 09:20:06 - nn.expander - INFO - Train | Batch Loss: -228.2706
2026-03-09 09:20:06 - nn.expander - INFO - Train | Grad Norm: 51.8202

2026-03-09 09:20:07 - nn.expander - INFO - Train | Batch Size: 40 | Avg Precision: 0.1825 | Avg Recall: 0.7601
2026-03-09 09:20:07 - nn.expander - INFO - Train | Batch Loss: -229.9499
2026-03-09 09:20:08 - nn.expander - INFO - Train | Grad Norm: 53.8077

2026-03-09 09:20:09 - nn.expander - INFO - Train | Batch Size: 40 | Avg Precision: 0.1275 | Avg Recall: 0.7250
2026-03-09 09:20:09 - nn.expander - INFO - Train | Batch Loss: -263.6233
2026-03-09 09:20:10 - nn.expander - INFO - Train | Grad Norm: 70.0443

2026-03-09 09:20:11 - nn.expander - INFO - Train | Batch Size: 40 | Avg Precision: 0.1349 | Avg Recall: 0.6802
2026-03-09 09:20:11 - nn.expander - INFO - Train | Batch Loss: -238.4647
2026-03-09 09:20:11 - nn.expander - INFO - Train | Grad Norm: 67.4337

2026-03-09 09:20:12 - nn.expander - INFO - Train | Batch Size: 40 | Avg Precision: 0.1317 | Avg Recall: 0.7266
2026-03-09 09:20:12 - nn.expander - INFO - Train | Batch Loss: -250.5745
2026-03-09 09:20:13 - nn.expander - INFO - Train | Grad Norm: 51.2169

2026-03-09 09:20:14 - nn.expander - INFO - Train | Batch Size: 40 | Avg Precision: 0.1661 | Avg Recall: 0.7104
2026-03-09 09:20:14 - nn.expander - INFO - Train | Batch Loss: -237.1767
2026-03-09 09:20:14 - nn.expander - INFO - Train | Grad Norm: 48.4841

2026-03-09 09:20:15 - nn.expander - INFO - Train | Batch Size: 40 | Avg Precision: 0.1400 | Avg Recall: 0.7338
2026-03-09 09:20:15 - nn.expander - INFO - Train | Batch Loss: -280.1977
2026-03-09 09:20:16 - nn.expander - INFO - Train | Grad Norm: 56.1590

2026-03-09 09:20:16 - nn.expander - INFO - Train | Batch Size: 40 | Avg Precision: 0.1487 | Avg Recall: 0.7249
2026-03-09 09:20:16 - nn.expander - INFO - Train | Batch Loss: -251.1068
2026-03-09 09:20:17 - nn.expander - INFO - Train | Grad Norm: 59.0981

2026-03-09 09:20:18 - nn.expander - INFO - Train | Batch Size: 40 | Avg Precision: 0.1464 | Avg Recall: 0.7271
2026-03-09 09:20:18 - nn.expander - INFO - Train | Batch Loss: -201.5629
2026-03-09 09:20:18 - nn.expander - INFO - Train | Grad Norm: 55.7605

2026-03-09 09:20:19 - nn.expander - INFO - Train | Batch Size: 40 | Avg Precision: 0.1513 | Avg Recall: 0.7449
2026-03-09 09:20:19 - nn.expander - INFO - Train | Batch Loss: -253.2362
2026-03-09 09:20:20 - nn.expander - INFO - Train | Grad Norm: 52.5893

2026-03-09 09:20:21 - nn.expander - INFO - Train | Batch Size: 40 | Avg Precision: 0.1329 | Avg Recall: 0.6363
2026-03-09 09:20:21 - nn.expander - INFO - Train | Batch Loss: -241.4673
2026-03-09 09:20:21 - nn.expander - INFO - Train | Grad Norm: 86.7280

2026-03-09 09:20:22 - nn.expander - INFO - Train | Batch Size: 40 | Avg Precision: 0.1551 | Avg Recall: 0.6679
2026-03-09 09:20:22 - nn.expander - INFO - Train | Batch Loss: -227.6124
2026-03-09 09:20:23 - nn.expander - INFO - Train | Grad Norm: 44.4879

2026-03-09 09:20:24 - nn.expander - INFO - Train | Batch Size: 40 | Avg Precision: 0.1288 | Avg Recall: 0.7572
2026-03-09 09:20:24 - nn.expander - INFO - Train | Batch Loss: -283.5731
2026-03-09 09:20:25 - nn.expander - INFO - Train | Grad Norm: 61.1763

2026-03-09 09:20:26 - nn.expander - INFO - Train | Batch Size: 40 | Avg Precision: 0.1377 | Avg Recall: 0.6605
2026-03-09 09:20:26 - nn.expander - INFO - Train | Batch Loss: -276.6533
2026-03-09 09:20:26 - nn.expander - INFO - Train | Grad Norm: 120.4371

2026-03-09 09:20:27 - nn.expander - INFO - Train | Batch Size: 40 | Avg Precision: 0.1527 | Avg Recall: 0.7856
2026-03-09 09:20:27 - nn.expander - INFO - Train | Batch Loss: -239.2227
2026-03-09 09:20:28 - nn.expander - INFO - Train | Grad Norm: 69.4794

2026-03-09 09:20:29 - nn.expander - INFO - Train | Batch Size: 40 | Avg Precision: 0.1473 | Avg Recall: 0.6761
2026-03-09 09:20:29 - nn.expander - INFO - Train | Batch Loss: -287.8502
2026-03-09 09:20:29 - nn.expander - INFO - Train | Grad Norm: 61.8455

2026-03-09 09:20:30 - nn.expander - INFO - Train | Batch Size: 40 | Avg Precision: 0.1562 | Avg Recall: 0.7202
2026-03-09 09:20:30 - nn.expander - INFO - Train | Batch Loss: -239.1369
2026-03-09 09:20:31 - nn.expander - INFO - Train | Grad Norm: 93.8513

2026-03-09 09:20:32 - root - INFO - ✅ 数据集 elliptic 训练完成！最终测试集F1：0.3891
2026-03-09 09:20:32 - root - INFO - 
======================================================================
📊 所有数据集训练结果汇总
======================================================================
2026-03-09 09:20:32 - root - INFO - 数据集        | P      | R      | F1    
2026-03-09 09:20:32 - root - INFO - ----------------------------------------------------------------------
2026-03-09 09:20:32 - root - INFO - elliptic   | 0.4680 | 0.6567 | 0.3891
2026-03-09 09:20:32 - root - INFO - ✅ 所有数据集训练流程执行完毕！
2026-03-09 09:21:42 - root - INFO - ✅ 工作目录已设置为：/home/u2023312299/sci
2026-03-09 09:21:42 - root - INFO - 🔄 项目启动，开始执行数据集训练流程
2026-03-09 09:21:42 - root - INFO - 
📋 开始批量训练数据集：['elliptic'] (全局种子=2026)
2026-03-09 09:21:42 - root - INFO - 
======================================================================
🚀 开始训练数据集：elliptic (种子=2026)
======================================================================
2026-03-09 09:21:42 - root - INFO - ✅ 随机种子已设置为：2026
2026-03-09 09:21:42 - root - INFO - ✅ 加载数据集 elliptic 配置完成，核心参数：p_bias=10, len_penalty_coeff=0.99
2026-03-09 09:22:12 - root - INFO - ✅ 工作目录已设置为：/home/u2023312299/sci
2026-03-09 09:22:12 - root - INFO - 🔄 项目启动，开始执行数据集训练流程
2026-03-09 09:22:12 - root - INFO - 
📋 开始批量训练数据集：['elliptic'] (全局种子=2026)
2026-03-09 09:22:12 - root - INFO - 
======================================================================
🚀 开始训练数据集：elliptic (种子=2026)
======================================================================
2026-03-09 09:22:12 - root - INFO - ✅ 随机种子已设置为：2026
2026-03-09 09:22:12 - root - INFO - ✅ 加载数据集 elliptic 配置完成，核心参数：p_bias=10, len_penalty_coeff=0.99
2026-03-09 09:22:39 - nn.expander - INFO - Train | Batch Size: 40 | Avg Precision: 0.5427 | Avg Recall: 0.4514
2026-03-09 09:22:39 - nn.expander - INFO - Train | Batch Loss: -107.4984
2026-03-09 09:22:40 - nn.expander - INFO - Train | Grad Norm: 15.0774

2026-03-09 09:22:40 - nn.expander - INFO - Train | Batch Size: 40 | Avg Precision: 0.5235 | Avg Recall: 0.5109
2026-03-09 09:22:40 - nn.expander - INFO - Train | Batch Loss: -115.1890
2026-03-09 09:22:41 - nn.expander - INFO - Train | Grad Norm: 14.3817

2026-03-09 09:22:41 - nn.expander - INFO - Train | Batch Size: 40 | Avg Precision: 0.5432 | Avg Recall: 0.4562
2026-03-09 09:22:41 - nn.expander - INFO - Train | Batch Loss: -98.4984
2026-03-09 09:22:41 - nn.expander - INFO - Train | Grad Norm: 16.5355

2026-03-09 09:22:42 - nn.expander - INFO - Train | Batch Size: 40 | Avg Precision: 0.5464 | Avg Recall: 0.5333
2026-03-09 09:22:42 - nn.expander - INFO - Train | Batch Loss: -124.0529
2026-03-09 09:22:42 - nn.expander - INFO - Train | Grad Norm: 14.5674

2026-03-09 09:22:43 - nn.expander - INFO - Train | Batch Size: 40 | Avg Precision: 0.5145 | Avg Recall: 0.4655
2026-03-09 09:22:43 - nn.expander - INFO - Train | Batch Loss: -120.3666
2026-03-09 09:22:43 - nn.expander - INFO - Train | Grad Norm: 26.8499

2026-03-09 09:22:44 - nn.expander - INFO - Train | Batch Size: 40 | Avg Precision: 0.6225 | Avg Recall: 0.4999
2026-03-09 09:22:44 - nn.expander - INFO - Train | Batch Loss: -97.0341
2026-03-09 09:22:44 - nn.expander - INFO - Train | Grad Norm: 32.3917

2026-03-09 09:22:44 - nn.expander - INFO - Train | Batch Size: 40 | Avg Precision: 0.5662 | Avg Recall: 0.5027
2026-03-09 09:22:44 - nn.expander - INFO - Train | Batch Loss: -121.9457
2026-03-09 09:22:45 - nn.expander - INFO - Train | Grad Norm: 16.1993

2026-03-09 09:22:45 - nn.expander - INFO - Train | Batch Size: 40 | Avg Precision: 0.6275 | Avg Recall: 0.4781
2026-03-09 09:22:45 - nn.expander - INFO - Train | Batch Loss: -98.0377
2026-03-09 09:22:45 - nn.expander - INFO - Train | Grad Norm: 19.0350

2026-03-09 09:22:46 - nn.expander - INFO - Train | Batch Size: 40 | Avg Precision: 0.6440 | Avg Recall: 0.4656
2026-03-09 09:22:46 - nn.expander - INFO - Train | Batch Loss: -64.3897
2026-03-09 09:22:46 - nn.expander - INFO - Train | Grad Norm: 9.2117

2026-03-09 09:22:46 - nn.expander - INFO - Train | Batch Size: 40 | Avg Precision: 0.5732 | Avg Recall: 0.4653
2026-03-09 09:22:46 - nn.expander - INFO - Train | Batch Loss: -95.6754
2026-03-09 09:22:47 - nn.expander - INFO - Train | Grad Norm: 17.0245

2026-03-09 09:22:47 - nn.expander - INFO - Train | Batch Size: 40 | Avg Precision: 0.6881 | Avg Recall: 0.4736
2026-03-09 09:22:47 - nn.expander - INFO - Train | Batch Loss: -68.7336
2026-03-09 09:22:47 - nn.expander - INFO - Train | Grad Norm: 11.2268

2026-03-09 09:22:48 - nn.expander - INFO - Train | Batch Size: 40 | Avg Precision: 0.5430 | Avg Recall: 0.4805
2026-03-09 09:22:48 - nn.expander - INFO - Train | Batch Loss: -82.1482
2026-03-09 09:22:48 - nn.expander - INFO - Train | Grad Norm: 24.5985

2026-03-09 09:22:49 - nn.expander - INFO - Train | Batch Size: 40 | Avg Precision: 0.5135 | Avg Recall: 0.4899
2026-03-09 09:22:49 - nn.expander - INFO - Train | Batch Loss: -92.4027
2026-03-09 09:22:49 - nn.expander - INFO - Train | Grad Norm: 9.7479

2026-03-09 09:22:49 - nn.expander - INFO - Train | Batch Size: 40 | Avg Precision: 0.6254 | Avg Recall: 0.4582
2026-03-09 09:22:49 - nn.expander - INFO - Train | Batch Loss: -69.2616
2026-03-09 09:22:50 - nn.expander - INFO - Train | Grad Norm: 14.7430

2026-03-09 09:22:50 - nn.expander - INFO - Train | Batch Size: 40 | Avg Precision: 0.5959 | Avg Recall: 0.4159
2026-03-09 09:22:50 - nn.expander - INFO - Train | Batch Loss: -91.9777
2026-03-09 09:22:50 - nn.expander - INFO - Train | Grad Norm: 16.3994

2026-03-09 09:22:51 - nn.expander - INFO - Train | Batch Size: 40 | Avg Precision: 0.5981 | Avg Recall: 0.4041
2026-03-09 09:22:51 - nn.expander - INFO - Train | Batch Loss: -46.9541
2026-03-09 09:22:51 - nn.expander - INFO - Train | Grad Norm: 9.2017

2026-03-09 09:22:51 - nn.expander - INFO - Train | Batch Size: 40 | Avg Precision: 0.5831 | Avg Recall: 0.4826
2026-03-09 09:22:51 - nn.expander - INFO - Train | Batch Loss: -79.2288
2026-03-09 09:22:51 - nn.expander - INFO - Train | Grad Norm: 16.9298

2026-03-09 09:22:52 - nn.expander - INFO - Train | Batch Size: 40 | Avg Precision: 0.6941 | Avg Recall: 0.4910
2026-03-09 09:22:52 - nn.expander - INFO - Train | Batch Loss: -64.2782
2026-03-09 09:22:52 - nn.expander - INFO - Train | Grad Norm: 16.7018

2026-03-09 09:22:52 - nn.expander - INFO - Train | Batch Size: 40 | Avg Precision: 0.6351 | Avg Recall: 0.4889
2026-03-09 09:22:52 - nn.expander - INFO - Train | Batch Loss: -64.5918
2026-03-09 09:22:53 - nn.expander - INFO - Train | Grad Norm: 7.0413

2026-03-09 09:22:53 - nn.expander - INFO - Train | Batch Size: 40 | Avg Precision: 0.5469 | Avg Recall: 0.4121
2026-03-09 09:22:53 - nn.expander - INFO - Train | Batch Loss: -100.4707
2026-03-09 09:22:53 - nn.expander - INFO - Train | Grad Norm: 15.4820

2026-03-09 09:22:53 - nn.expander - INFO - Train | Batch Size: 40 | Avg Precision: 0.6083 | Avg Recall: 0.4784
2026-03-09 09:22:53 - nn.expander - INFO - Train | Batch Loss: -64.1057
2026-03-09 09:22:54 - nn.expander - INFO - Train | Grad Norm: 7.7615

2026-03-09 09:22:54 - nn.expander - INFO - Train | Batch Size: 40 | Avg Precision: 0.6323 | Avg Recall: 0.4297
2026-03-09 09:22:54 - nn.expander - INFO - Train | Batch Loss: -53.1867
2026-03-09 09:22:54 - nn.expander - INFO - Train | Grad Norm: 9.2288

2026-03-09 09:22:55 - nn.expander - INFO - Train | Batch Size: 40 | Avg Precision: 0.5986 | Avg Recall: 0.4774
2026-03-09 09:22:55 - nn.expander - INFO - Train | Batch Loss: -89.1101
2026-03-09 09:22:55 - nn.expander - INFO - Train | Grad Norm: 14.1114

2026-03-09 09:22:55 - nn.expander - INFO - Train | Batch Size: 40 | Avg Precision: 0.6338 | Avg Recall: 0.4265
2026-03-09 09:22:55 - nn.expander - INFO - Train | Batch Loss: -45.5631
2026-03-09 09:22:55 - nn.expander - INFO - Train | Grad Norm: 5.4762

2026-03-09 09:22:56 - nn.expander - INFO - Train | Batch Size: 40 | Avg Precision: 0.6712 | Avg Recall: 0.4303
2026-03-09 09:22:56 - nn.expander - INFO - Train | Batch Loss: -42.3907
2026-03-09 09:22:56 - nn.expander - INFO - Train | Grad Norm: 7.6305

2026-03-09 09:22:57 - nn.expander - INFO - Train | Batch Size: 40 | Avg Precision: 0.6214 | Avg Recall: 0.5115
2026-03-09 09:22:57 - nn.expander - INFO - Train | Batch Loss: -83.0641
2026-03-09 09:22:57 - nn.expander - INFO - Train | Grad Norm: 12.9322

2026-03-09 09:22:57 - nn.expander - INFO - Train | Batch Size: 40 | Avg Precision: 0.6097 | Avg Recall: 0.4722
2026-03-09 09:22:57 - nn.expander - INFO - Train | Batch Loss: -78.4486
2026-03-09 09:22:58 - nn.expander - INFO - Train | Grad Norm: 23.4207

2026-03-09 09:22:58 - nn.expander - INFO - Train | Batch Size: 40 | Avg Precision: 0.5860 | Avg Recall: 0.4782
2026-03-09 09:22:58 - nn.expander - INFO - Train | Batch Loss: -76.4126
2026-03-09 09:22:58 - nn.expander - INFO - Train | Grad Norm: 12.3035

2026-03-09 09:22:59 - nn.expander - INFO - Train | Batch Size: 40 | Avg Precision: 0.5731 | Avg Recall: 0.4618
2026-03-09 09:22:59 - nn.expander - INFO - Train | Batch Loss: -80.3223
2026-03-09 09:22:59 - nn.expander - INFO - Train | Grad Norm: 15.1418

2026-03-09 09:22:59 - nn.expander - INFO - Train | Batch Size: 40 | Avg Precision: 0.5998 | Avg Recall: 0.5610
2026-03-09 09:22:59 - nn.expander - INFO - Train | Batch Loss: -91.1330
2026-03-09 09:23:00 - nn.expander - INFO - Train | Grad Norm: 13.3813

2026-03-09 09:23:00 - nn.expander - INFO - Train | Batch Size: 40 | Avg Precision: 0.6324 | Avg Recall: 0.5304
2026-03-09 09:23:00 - nn.expander - INFO - Train | Batch Loss: -42.8916
2026-03-09 09:23:00 - nn.expander - INFO - Train | Grad Norm: 15.5980

2026-03-09 09:23:00 - nn.expander - INFO - Train | Batch Size: 40 | Avg Precision: 0.6554 | Avg Recall: 0.4373
2026-03-09 09:23:00 - nn.expander - INFO - Train | Batch Loss: -24.1600
2026-03-09 09:23:00 - nn.expander - INFO - Train | Grad Norm: 4.9305

2026-03-09 09:23:01 - nn.expander - INFO - Train | Batch Size: 40 | Avg Precision: 0.7211 | Avg Recall: 0.4471
2026-03-09 09:23:01 - nn.expander - INFO - Train | Batch Loss: -33.0774
2026-03-09 09:23:01 - nn.expander - INFO - Train | Grad Norm: 7.2508

2026-03-09 09:23:01 - nn.expander - INFO - Train | Batch Size: 40 | Avg Precision: 0.6610 | Avg Recall: 0.4174
2026-03-09 09:23:01 - nn.expander - INFO - Train | Batch Loss: -59.9610
2026-03-09 09:23:01 - nn.expander - INFO - Train | Grad Norm: 5.5858

2026-03-09 09:23:02 - nn.expander - INFO - Train | Batch Size: 40 | Avg Precision: 0.7660 | Avg Recall: 0.3742
2026-03-09 09:23:02 - nn.expander - INFO - Train | Batch Loss: -42.8011
2026-03-09 09:23:02 - nn.expander - INFO - Train | Grad Norm: 12.6030

2026-03-09 09:23:02 - nn.expander - INFO - Train | Batch Size: 40 | Avg Precision: 0.6792 | Avg Recall: 0.4415
2026-03-09 09:23:02 - nn.expander - INFO - Train | Batch Loss: -69.9224
2026-03-09 09:23:02 - nn.expander - INFO - Train | Grad Norm: 11.0145

2026-03-09 09:23:03 - nn.expander - INFO - Train | Batch Size: 40 | Avg Precision: 0.6564 | Avg Recall: 0.4687
2026-03-09 09:23:03 - nn.expander - INFO - Train | Batch Loss: -75.6915
2026-03-09 09:23:03 - nn.expander - INFO - Train | Grad Norm: 10.1259

2026-03-09 09:23:03 - nn.expander - INFO - Train | Batch Size: 40 | Avg Precision: 0.6210 | Avg Recall: 0.5007
2026-03-09 09:23:03 - nn.expander - INFO - Train | Batch Loss: -55.9393
2026-03-09 09:23:03 - nn.expander - INFO - Train | Grad Norm: 9.6619

2026-03-09 09:23:04 - nn.expander - INFO - Train | Batch Size: 40 | Avg Precision: 0.5470 | Avg Recall: 0.4037
2026-03-09 09:23:04 - nn.expander - INFO - Train | Batch Loss: -62.6853
2026-03-09 09:23:04 - nn.expander - INFO - Train | Grad Norm: 14.2416

2026-03-09 09:23:04 - nn.expander - INFO - Train | Batch Size: 40 | Avg Precision: 0.6225 | Avg Recall: 0.4174
2026-03-09 09:23:04 - nn.expander - INFO - Train | Batch Loss: -59.1431
2026-03-09 09:23:04 - nn.expander - INFO - Train | Grad Norm: 18.1277

2026-03-09 09:23:05 - root - INFO - ✅ 数据集 elliptic 训练完成！最终测试集F1：0.5442
2026-03-09 09:23:05 - root - INFO - 
======================================================================
📊 所有数据集训练结果汇总
======================================================================
2026-03-09 09:23:05 - root - INFO - 数据集        | P      | R      | F1    
2026-03-09 09:23:05 - root - INFO - ----------------------------------------------------------------------
2026-03-09 09:23:05 - root - INFO - elliptic   | 0.8108 | 0.5343 | 0.5442
2026-03-09 09:23:05 - root - INFO - ✅ 所有数据集训练流程执行完毕！
2026-03-09 09:25:30 - root - INFO - ✅ 工作目录已设置为：/home/u2023312299/sci
2026-03-09 09:25:30 - root - INFO - 🔄 项目启动，开始执行数据集训练流程
2026-03-09 09:25:30 - root - INFO - 
📋 开始批量训练数据集：['elliptic'] (全局种子=2026)
2026-03-09 09:25:30 - root - INFO - 
======================================================================
🚀 开始训练数据集：elliptic (种子=2026)
======================================================================
2026-03-09 09:25:30 - root - INFO - ✅ 随机种子已设置为：2026
2026-03-09 09:25:30 - root - INFO - ✅ 加载数据集 elliptic 配置完成，核心参数：p_bias=10, len_penalty_coeff=0.99
2026-03-09 09:25:57 - nn.expander - INFO - Train | Batch Size: 40 | Avg Precision: 0.5427 | Avg Recall: 0.4514
2026-03-09 09:25:57 - nn.expander - INFO - Train | Batch Loss: -55.4037
2026-03-09 09:25:57 - nn.expander - INFO - Train | Grad Norm: 9.2374

2026-03-09 09:25:58 - nn.expander - INFO - Train | Batch Size: 40 | Avg Precision: 0.5235 | Avg Recall: 0.5109
2026-03-09 09:25:58 - nn.expander - INFO - Train | Batch Loss: -62.2831
2026-03-09 09:25:58 - nn.expander - INFO - Train | Grad Norm: 9.5357

2026-03-09 09:25:58 - nn.expander - INFO - Train | Batch Size: 40 | Avg Precision: 0.5432 | Avg Recall: 0.4562
2026-03-09 09:25:58 - nn.expander - INFO - Train | Batch Loss: -48.9617
2026-03-09 09:25:59 - nn.expander - INFO - Train | Grad Norm: 8.6432

2026-03-09 09:25:59 - nn.expander - INFO - Train | Batch Size: 40 | Avg Precision: 0.5478 | Avg Recall: 0.5479
2026-03-09 09:25:59 - nn.expander - INFO - Train | Batch Loss: -59.9607
2026-03-09 09:26:00 - nn.expander - INFO - Train | Grad Norm: 10.7315

2026-03-09 09:26:00 - nn.expander - INFO - Train | Batch Size: 40 | Avg Precision: 0.4958 | Avg Recall: 0.4963
2026-03-09 09:26:00 - nn.expander - INFO - Train | Batch Loss: -60.7529
2026-03-09 09:26:00 - nn.expander - INFO - Train | Grad Norm: 16.2217

2026-03-09 09:26:01 - nn.expander - INFO - Train | Batch Size: 40 | Avg Precision: 0.5019 | Avg Recall: 0.5413
2026-03-09 09:26:01 - nn.expander - INFO - Train | Batch Loss: -69.6422
2026-03-09 09:26:01 - nn.expander - INFO - Train | Grad Norm: 10.6179

2026-03-09 09:26:02 - nn.expander - INFO - Train | Batch Size: 40 | Avg Precision: 0.5501 | Avg Recall: 0.4665
2026-03-09 09:26:02 - nn.expander - INFO - Train | Batch Loss: -61.1076
2026-03-09 09:26:02 - nn.expander - INFO - Train | Grad Norm: 8.4574

2026-03-09 09:26:03 - nn.expander - INFO - Train | Batch Size: 40 | Avg Precision: 0.6605 | Avg Recall: 0.4043
2026-03-09 09:26:03 - nn.expander - INFO - Train | Batch Loss: -33.4615
2026-03-09 09:26:03 - nn.expander - INFO - Train | Grad Norm: 10.6336

2026-03-09 09:26:03 - nn.expander - INFO - Train | Batch Size: 40 | Avg Precision: 0.6344 | Avg Recall: 0.5031
2026-03-09 09:26:03 - nn.expander - INFO - Train | Batch Loss: -37.4606
2026-03-09 09:26:03 - nn.expander - INFO - Train | Grad Norm: 11.8273

2026-03-09 09:26:04 - nn.expander - INFO - Train | Batch Size: 40 | Avg Precision: 0.6014 | Avg Recall: 0.4452
2026-03-09 09:26:04 - nn.expander - INFO - Train | Batch Loss: -50.5498
2026-03-09 09:26:04 - nn.expander - INFO - Train | Grad Norm: 9.4248

2026-03-09 09:26:04 - nn.expander - INFO - Train | Batch Size: 40 | Avg Precision: 0.5902 | Avg Recall: 0.4654
2026-03-09 09:26:04 - nn.expander - INFO - Train | Batch Loss: -42.4763
2026-03-09 09:26:05 - nn.expander - INFO - Train | Grad Norm: 7.9769

2026-03-09 09:26:05 - nn.expander - INFO - Train | Batch Size: 40 | Avg Precision: 0.6053 | Avg Recall: 0.5315
2026-03-09 09:26:05 - nn.expander - INFO - Train | Batch Loss: -36.7317
2026-03-09 09:26:05 - nn.expander - INFO - Train | Grad Norm: 6.0915

2026-03-09 09:26:06 - nn.expander - INFO - Train | Batch Size: 40 | Avg Precision: 0.5931 | Avg Recall: 0.4405
2026-03-09 09:26:06 - nn.expander - INFO - Train | Batch Loss: -38.8270
2026-03-09 09:26:06 - nn.expander - INFO - Train | Grad Norm: 7.3189

2026-03-09 09:26:06 - nn.expander - INFO - Train | Batch Size: 40 | Avg Precision: 0.6867 | Avg Recall: 0.3916
2026-03-09 09:26:06 - nn.expander - INFO - Train | Batch Loss: -20.5201
2026-03-09 09:26:06 - nn.expander - INFO - Train | Grad Norm: 5.6225

2026-03-09 09:26:07 - nn.expander - INFO - Train | Batch Size: 40 | Avg Precision: 0.6551 | Avg Recall: 0.4446
2026-03-09 09:26:07 - nn.expander - INFO - Train | Batch Loss: -33.6505
2026-03-09 09:26:07 - nn.expander - INFO - Train | Grad Norm: 5.4010

2026-03-09 09:26:08 - nn.expander - INFO - Train | Batch Size: 40 | Avg Precision: 0.6250 | Avg Recall: 0.4684
2026-03-09 09:26:08 - nn.expander - INFO - Train | Batch Loss: -44.5836
2026-03-09 09:26:08 - nn.expander - INFO - Train | Grad Norm: 7.0818

2026-03-09 09:26:08 - nn.expander - INFO - Train | Batch Size: 40 | Avg Precision: 0.6065 | Avg Recall: 0.4951
2026-03-09 09:26:08 - nn.expander - INFO - Train | Batch Loss: -38.1609
2026-03-09 09:26:08 - nn.expander - INFO - Train | Grad Norm: 8.3425

2026-03-09 09:26:09 - nn.expander - INFO - Train | Batch Size: 40 | Avg Precision: 0.6775 | Avg Recall: 0.4884
2026-03-09 09:26:09 - nn.expander - INFO - Train | Batch Loss: -34.1577
2026-03-09 09:26:09 - nn.expander - INFO - Train | Grad Norm: 6.6707

2026-03-09 09:26:09 - nn.expander - INFO - Train | Batch Size: 40 | Avg Precision: 0.6747 | Avg Recall: 0.4741
2026-03-09 09:26:09 - nn.expander - INFO - Train | Batch Loss: -26.4814
2026-03-09 09:26:09 - nn.expander - INFO - Train | Grad Norm: 5.4775

2026-03-09 09:26:10 - nn.expander - INFO - Train | Batch Size: 40 | Avg Precision: 0.6401 | Avg Recall: 0.3979
2026-03-09 09:26:10 - nn.expander - INFO - Train | Batch Loss: -41.2128
2026-03-09 09:26:10 - nn.expander - INFO - Train | Grad Norm: 6.6369

2026-03-09 09:26:10 - nn.expander - INFO - Train | Batch Size: 40 | Avg Precision: 0.6140 | Avg Recall: 0.4898
2026-03-09 09:26:10 - nn.expander - INFO - Train | Batch Loss: -31.6094
2026-03-09 09:26:10 - nn.expander - INFO - Train | Grad Norm: 9.8992

2026-03-09 09:26:11 - nn.expander - INFO - Train | Batch Size: 40 | Avg Precision: 0.6471 | Avg Recall: 0.4665
2026-03-09 09:26:11 - nn.expander - INFO - Train | Batch Loss: -33.9970
2026-03-09 09:26:11 - nn.expander - INFO - Train | Grad Norm: 6.4963

2026-03-09 09:26:11 - nn.expander - INFO - Train | Batch Size: 40 | Avg Precision: 0.6804 | Avg Recall: 0.4319
2026-03-09 09:26:11 - nn.expander - INFO - Train | Batch Loss: -31.9138
2026-03-09 09:26:12 - nn.expander - INFO - Train | Grad Norm: 8.6195

2026-03-09 09:26:12 - nn.expander - INFO - Train | Batch Size: 40 | Avg Precision: 0.6867 | Avg Recall: 0.4355
2026-03-09 09:26:12 - nn.expander - INFO - Train | Batch Loss: -31.3014
2026-03-09 09:26:12 - nn.expander - INFO - Train | Grad Norm: 6.5403

2026-03-09 09:26:13 - nn.expander - INFO - Train | Batch Size: 40 | Avg Precision: 0.6530 | Avg Recall: 0.4117
2026-03-09 09:26:13 - nn.expander - INFO - Train | Batch Loss: -29.9013
2026-03-09 09:26:13 - nn.expander - INFO - Train | Grad Norm: 5.1567

2026-03-09 09:26:13 - nn.expander - INFO - Train | Batch Size: 40 | Avg Precision: 0.5771 | Avg Recall: 0.4525
2026-03-09 09:26:13 - nn.expander - INFO - Train | Batch Loss: -43.8100
2026-03-09 09:26:13 - nn.expander - INFO - Train | Grad Norm: 12.4093

2026-03-09 09:26:14 - nn.expander - INFO - Train | Batch Size: 40 | Avg Precision: 0.6928 | Avg Recall: 0.4509
2026-03-09 09:26:14 - nn.expander - INFO - Train | Batch Loss: -20.4353
2026-03-09 09:26:14 - nn.expander - INFO - Train | Grad Norm: 10.4722

2026-03-09 09:26:14 - nn.expander - INFO - Train | Batch Size: 40 | Avg Precision: 0.6017 | Avg Recall: 0.4957
2026-03-09 09:26:14 - nn.expander - INFO - Train | Batch Loss: -39.5610
2026-03-09 09:26:14 - nn.expander - INFO - Train | Grad Norm: 9.1846

2026-03-09 09:26:15 - nn.expander - INFO - Train | Batch Size: 40 | Avg Precision: 0.7174 | Avg Recall: 0.4649
2026-03-09 09:26:15 - nn.expander - INFO - Train | Batch Loss: -31.3224
2026-03-09 09:26:15 - nn.expander - INFO - Train | Grad Norm: 7.4792

2026-03-09 09:26:15 - nn.expander - INFO - Train | Batch Size: 40 | Avg Precision: 0.6720 | Avg Recall: 0.5004
2026-03-09 09:26:15 - nn.expander - INFO - Train | Batch Loss: -30.0809
2026-03-09 09:26:15 - nn.expander - INFO - Train | Grad Norm: 7.3428

2026-03-09 09:26:16 - nn.expander - INFO - Train | Batch Size: 40 | Avg Precision: 0.6616 | Avg Recall: 0.4663
2026-03-09 09:26:16 - nn.expander - INFO - Train | Batch Loss: -28.2461
2026-03-09 09:26:16 - nn.expander - INFO - Train | Grad Norm: 7.0106

2026-03-09 09:26:16 - nn.expander - INFO - Train | Batch Size: 40 | Avg Precision: 0.6944 | Avg Recall: 0.4575
2026-03-09 09:26:16 - nn.expander - INFO - Train | Batch Loss: -11.7387
2026-03-09 09:26:16 - nn.expander - INFO - Train | Grad Norm: 3.6991

2026-03-09 09:26:16 - nn.expander - INFO - Train | Batch Size: 40 | Avg Precision: 0.7086 | Avg Recall: 0.4697
2026-03-09 09:26:16 - nn.expander - INFO - Train | Batch Loss: -21.0320
2026-03-09 09:26:16 - nn.expander - INFO - Train | Grad Norm: 5.1866

2026-03-09 09:26:17 - nn.expander - INFO - Train | Batch Size: 40 | Avg Precision: 0.6073 | Avg Recall: 0.4360
2026-03-09 09:26:17 - nn.expander - INFO - Train | Batch Loss: -43.2608
2026-03-09 09:26:17 - nn.expander - INFO - Train | Grad Norm: 6.7079

2026-03-09 09:26:17 - nn.expander - INFO - Train | Batch Size: 40 | Avg Precision: 0.7057 | Avg Recall: 0.3869
2026-03-09 09:26:17 - nn.expander - INFO - Train | Batch Loss: -27.1414
2026-03-09 09:26:18 - nn.expander - INFO - Train | Grad Norm: 8.2539

2026-03-09 09:26:18 - nn.expander - INFO - Train | Batch Size: 40 | Avg Precision: 0.7160 | Avg Recall: 0.4172
2026-03-09 09:26:18 - nn.expander - INFO - Train | Batch Loss: -12.6619
2026-03-09 09:26:18 - nn.expander - INFO - Train | Grad Norm: 5.0203

2026-03-09 09:26:18 - nn.expander - INFO - Train | Batch Size: 40 | Avg Precision: 0.6852 | Avg Recall: 0.4641
2026-03-09 09:26:18 - nn.expander - INFO - Train | Batch Loss: -32.2109
2026-03-09 09:26:18 - nn.expander - INFO - Train | Grad Norm: 5.9576

2026-03-09 09:26:19 - nn.expander - INFO - Train | Batch Size: 40 | Avg Precision: 0.7009 | Avg Recall: 0.4712
2026-03-09 09:26:19 - nn.expander - INFO - Train | Batch Loss: -18.8806
2026-03-09 09:26:19 - nn.expander - INFO - Train | Grad Norm: 3.7190

2026-03-09 09:26:19 - nn.expander - INFO - Train | Batch Size: 40 | Avg Precision: 0.7515 | Avg Recall: 0.3507
2026-03-09 09:26:19 - nn.expander - INFO - Train | Batch Loss: -8.9524
2026-03-09 09:26:19 - nn.expander - INFO - Train | Grad Norm: 5.0728

2026-03-09 09:26:19 - nn.expander - INFO - Train | Batch Size: 40 | Avg Precision: 0.7439 | Avg Recall: 0.4260
2026-03-09 09:26:19 - nn.expander - INFO - Train | Batch Loss: -25.7103
2026-03-09 09:26:19 - nn.expander - INFO - Train | Grad Norm: 8.4932

2026-03-09 09:26:20 - root - INFO - ✅ 数据集 elliptic 训练完成！最终测试集F1：0.5449
2026-03-09 09:26:20 - root - INFO - 
======================================================================
📊 所有数据集训练结果汇总
======================================================================
2026-03-09 09:26:20 - root - INFO - 数据集        | P      | R      | F1    
2026-03-09 09:26:20 - root - INFO - ----------------------------------------------------------------------
2026-03-09 09:26:20 - root - INFO - elliptic   | 0.8201 | 0.5204 | 0.5449
2026-03-09 09:26:20 - root - INFO - ✅ 所有数据集训练流程执行完毕！
2026-03-09 09:27:12 - root - INFO - ✅ 工作目录已设置为：/home/u2023312299/sci
2026-03-09 09:27:12 - root - INFO - 🔄 项目启动，开始执行数据集训练流程
2026-03-09 09:27:12 - root - INFO - 
📋 开始批量训练数据集：['elliptic'] (全局种子=2026)
2026-03-09 09:27:12 - root - INFO - 
======================================================================
🚀 开始训练数据集：elliptic (种子=2026)
======================================================================
2026-03-09 09:27:12 - root - INFO - ✅ 随机种子已设置为：2026
2026-03-09 09:27:12 - root - INFO - ✅ 加载数据集 elliptic 配置完成，核心参数：p_bias=10, len_penalty_coeff=0.99
2026-03-09 09:27:39 - nn.expander - INFO - Train | Batch Size: 40 | Avg Precision: 0.5427 | Avg Recall: 0.4514
2026-03-09 09:27:39 - nn.expander - INFO - Train | Batch Loss: -55.4037
2026-03-09 09:27:39 - nn.expander - INFO - Train | Grad Norm: 9.2374

2026-03-09 09:27:40 - nn.expander - INFO - Train | Batch Size: 40 | Avg Precision: 0.5235 | Avg Recall: 0.5109
2026-03-09 09:27:40 - nn.expander - INFO - Train | Batch Loss: -62.2831
2026-03-09 09:27:40 - nn.expander - INFO - Train | Grad Norm: 9.5357

2026-03-09 09:27:41 - nn.expander - INFO - Train | Batch Size: 40 | Avg Precision: 0.5432 | Avg Recall: 0.4562
2026-03-09 09:27:41 - nn.expander - INFO - Train | Batch Loss: -48.9617
2026-03-09 09:27:41 - nn.expander - INFO - Train | Grad Norm: 8.6432

2026-03-09 09:27:42 - nn.expander - INFO - Train | Batch Size: 40 | Avg Precision: 0.5478 | Avg Recall: 0.5479
2026-03-09 09:27:42 - nn.expander - INFO - Train | Batch Loss: -59.9607
2026-03-09 09:27:42 - nn.expander - INFO - Train | Grad Norm: 10.7315

2026-03-09 09:27:43 - nn.expander - INFO - Train | Batch Size: 40 | Avg Precision: 0.4958 | Avg Recall: 0.4963
2026-03-09 09:27:43 - nn.expander - INFO - Train | Batch Loss: -60.7529
2026-03-09 09:27:43 - nn.expander - INFO - Train | Grad Norm: 16.2217

2026-03-09 09:27:44 - nn.expander - INFO - Train | Batch Size: 40 | Avg Precision: 0.5019 | Avg Recall: 0.5413
2026-03-09 09:27:44 - nn.expander - INFO - Train | Batch Loss: -69.6422
2026-03-09 09:27:44 - nn.expander - INFO - Train | Grad Norm: 10.6179

2026-03-09 09:27:45 - nn.expander - INFO - Train | Batch Size: 40 | Avg Precision: 0.5501 | Avg Recall: 0.4665
2026-03-09 09:27:45 - nn.expander - INFO - Train | Batch Loss: -61.1076
2026-03-09 09:27:45 - nn.expander - INFO - Train | Grad Norm: 8.4574

2026-03-09 09:27:45 - nn.expander - INFO - Train | Batch Size: 40 | Avg Precision: 0.6605 | Avg Recall: 0.4043
2026-03-09 09:27:45 - nn.expander - INFO - Train | Batch Loss: -33.4615
2026-03-09 09:27:45 - nn.expander - INFO - Train | Grad Norm: 10.6336

2026-03-09 09:27:46 - nn.expander - INFO - Train | Batch Size: 40 | Avg Precision: 0.6344 | Avg Recall: 0.5031
2026-03-09 09:27:46 - nn.expander - INFO - Train | Batch Loss: -37.4606
2026-03-09 09:27:46 - nn.expander - INFO - Train | Grad Norm: 11.8273

2026-03-09 09:27:46 - nn.expander - INFO - Train | Batch Size: 40 | Avg Precision: 0.6014 | Avg Recall: 0.4452
2026-03-09 09:27:46 - nn.expander - INFO - Train | Batch Loss: -50.5498
2026-03-09 09:27:47 - nn.expander - INFO - Train | Grad Norm: 9.4248

2026-03-09 09:27:47 - nn.expander - INFO - Train | Batch Size: 40 | Avg Precision: 0.5902 | Avg Recall: 0.4654
2026-03-09 09:27:47 - nn.expander - INFO - Train | Batch Loss: -42.4763
2026-03-09 09:27:47 - nn.expander - INFO - Train | Grad Norm: 7.9769

2026-03-09 09:27:48 - nn.expander - INFO - Train | Batch Size: 40 | Avg Precision: 0.6053 | Avg Recall: 0.5315
2026-03-09 09:27:48 - nn.expander - INFO - Train | Batch Loss: -36.7317
2026-03-09 09:27:48 - nn.expander - INFO - Train | Grad Norm: 6.0915

2026-03-09 09:27:48 - nn.expander - INFO - Train | Batch Size: 40 | Avg Precision: 0.5931 | Avg Recall: 0.4405
2026-03-09 09:27:48 - nn.expander - INFO - Train | Batch Loss: -38.8270
2026-03-09 09:27:49 - nn.expander - INFO - Train | Grad Norm: 7.3189

2026-03-09 09:27:49 - nn.expander - INFO - Train | Batch Size: 40 | Avg Precision: 0.6867 | Avg Recall: 0.3916
2026-03-09 09:27:49 - nn.expander - INFO - Train | Batch Loss: -20.5201
2026-03-09 09:27:49 - nn.expander - INFO - Train | Grad Norm: 5.6225

2026-03-09 09:27:49 - nn.expander - INFO - Train | Batch Size: 40 | Avg Precision: 0.6551 | Avg Recall: 0.4446
2026-03-09 09:27:49 - nn.expander - INFO - Train | Batch Loss: -33.6505
2026-03-09 09:27:50 - nn.expander - INFO - Train | Grad Norm: 5.4010

2026-03-09 09:27:50 - nn.expander - INFO - Train | Batch Size: 40 | Avg Precision: 0.6250 | Avg Recall: 0.4684
2026-03-09 09:27:50 - nn.expander - INFO - Train | Batch Loss: -44.5836
2026-03-09 09:27:51 - nn.expander - INFO - Train | Grad Norm: 7.0818

2026-03-09 09:27:51 - nn.expander - INFO - Train | Batch Size: 40 | Avg Precision: 0.6065 | Avg Recall: 0.4951
2026-03-09 09:27:51 - nn.expander - INFO - Train | Batch Loss: -38.1609
2026-03-09 09:27:51 - nn.expander - INFO - Train | Grad Norm: 8.3425

2026-03-09 09:27:51 - nn.expander - INFO - Train | Batch Size: 40 | Avg Precision: 0.6775 | Avg Recall: 0.4884
2026-03-09 09:27:51 - nn.expander - INFO - Train | Batch Loss: -34.1577
2026-03-09 09:27:52 - nn.expander - INFO - Train | Grad Norm: 6.6707

2026-03-09 09:27:52 - nn.expander - INFO - Train | Batch Size: 40 | Avg Precision: 0.6747 | Avg Recall: 0.4741
2026-03-09 09:27:52 - nn.expander - INFO - Train | Batch Loss: -26.4814
2026-03-09 09:27:52 - nn.expander - INFO - Train | Grad Norm: 5.4775

2026-03-09 09:27:52 - nn.expander - INFO - Train | Batch Size: 40 | Avg Precision: 0.6401 | Avg Recall: 0.3979
2026-03-09 09:27:52 - nn.expander - INFO - Train | Batch Loss: -41.2128
2026-03-09 09:27:53 - nn.expander - INFO - Train | Grad Norm: 6.6369

2026-03-09 09:27:53 - nn.expander - INFO - Train | Batch Size: 40 | Avg Precision: 0.6140 | Avg Recall: 0.4898
2026-03-09 09:27:53 - nn.expander - INFO - Train | Batch Loss: -31.6094
2026-03-09 09:27:53 - nn.expander - INFO - Train | Grad Norm: 9.8992

2026-03-09 09:27:54 - nn.expander - INFO - Train | Batch Size: 40 | Avg Precision: 0.6471 | Avg Recall: 0.4665
2026-03-09 09:27:54 - nn.expander - INFO - Train | Batch Loss: -33.9970
2026-03-09 09:27:54 - nn.expander - INFO - Train | Grad Norm: 6.4963

2026-03-09 09:27:54 - nn.expander - INFO - Train | Batch Size: 40 | Avg Precision: 0.6804 | Avg Recall: 0.4319
2026-03-09 09:27:54 - nn.expander - INFO - Train | Batch Loss: -31.9138
2026-03-09 09:27:54 - nn.expander - INFO - Train | Grad Norm: 8.6195

2026-03-09 09:27:55 - nn.expander - INFO - Train | Batch Size: 40 | Avg Precision: 0.6867 | Avg Recall: 0.4355
2026-03-09 09:27:55 - nn.expander - INFO - Train | Batch Loss: -31.3014
2026-03-09 09:27:55 - nn.expander - INFO - Train | Grad Norm: 6.5403

2026-03-09 09:27:55 - nn.expander - INFO - Train | Batch Size: 40 | Avg Precision: 0.6530 | Avg Recall: 0.4117
2026-03-09 09:27:55 - nn.expander - INFO - Train | Batch Loss: -29.9013
2026-03-09 09:27:56 - nn.expander - INFO - Train | Grad Norm: 5.1567

2026-03-09 09:27:56 - nn.expander - INFO - Train | Batch Size: 40 | Avg Precision: 0.5771 | Avg Recall: 0.4525
2026-03-09 09:27:56 - nn.expander - INFO - Train | Batch Loss: -43.8100
2026-03-09 09:27:56 - nn.expander - INFO - Train | Grad Norm: 12.4093

2026-03-09 09:27:57 - nn.expander - INFO - Train | Batch Size: 40 | Avg Precision: 0.6928 | Avg Recall: 0.4509
2026-03-09 09:27:57 - nn.expander - INFO - Train | Batch Loss: -20.4353
2026-03-09 09:27:57 - nn.expander - INFO - Train | Grad Norm: 10.4722

2026-03-09 09:27:57 - nn.expander - INFO - Train | Batch Size: 40 | Avg Precision: 0.6017 | Avg Recall: 0.4957
2026-03-09 09:27:57 - nn.expander - INFO - Train | Batch Loss: -39.5610
2026-03-09 09:27:57 - nn.expander - INFO - Train | Grad Norm: 9.1846

2026-03-09 09:27:58 - nn.expander - INFO - Train | Batch Size: 40 | Avg Precision: 0.7174 | Avg Recall: 0.4649
2026-03-09 09:27:58 - nn.expander - INFO - Train | Batch Loss: -31.3224
2026-03-09 09:27:58 - nn.expander - INFO - Train | Grad Norm: 7.4792

2026-03-09 09:27:58 - nn.expander - INFO - Train | Batch Size: 40 | Avg Precision: 0.6720 | Avg Recall: 0.5004
2026-03-09 09:27:58 - nn.expander - INFO - Train | Batch Loss: -30.0809
2026-03-09 09:27:58 - nn.expander - INFO - Train | Grad Norm: 7.3428

2026-03-09 09:27:58 - nn.expander - INFO - Train | Batch Size: 40 | Avg Precision: 0.6616 | Avg Recall: 0.4663
2026-03-09 09:27:58 - nn.expander - INFO - Train | Batch Loss: -28.2461
2026-03-09 09:27:59 - nn.expander - INFO - Train | Grad Norm: 7.0106

2026-03-09 09:27:59 - nn.expander - INFO - Train | Batch Size: 40 | Avg Precision: 0.6944 | Avg Recall: 0.4575
2026-03-09 09:27:59 - nn.expander - INFO - Train | Batch Loss: -11.7387
2026-03-09 09:27:59 - nn.expander - INFO - Train | Grad Norm: 3.6991

2026-03-09 09:27:59 - nn.expander - INFO - Train | Batch Size: 40 | Avg Precision: 0.7086 | Avg Recall: 0.4697
2026-03-09 09:27:59 - nn.expander - INFO - Train | Batch Loss: -21.0320
2026-03-09 09:27:59 - nn.expander - INFO - Train | Grad Norm: 5.1866

2026-03-09 09:28:00 - nn.expander - INFO - Train | Batch Size: 40 | Avg Precision: 0.6073 | Avg Recall: 0.4360
2026-03-09 09:28:00 - nn.expander - INFO - Train | Batch Loss: -43.2608
2026-03-09 09:28:00 - nn.expander - INFO - Train | Grad Norm: 6.7079

2026-03-09 09:28:00 - nn.expander - INFO - Train | Batch Size: 40 | Avg Precision: 0.7057 | Avg Recall: 0.3869
2026-03-09 09:28:00 - nn.expander - INFO - Train | Batch Loss: -27.1414
2026-03-09 09:28:00 - nn.expander - INFO - Train | Grad Norm: 8.2539

2026-03-09 09:28:01 - nn.expander - INFO - Train | Batch Size: 40 | Avg Precision: 0.7160 | Avg Recall: 0.4172
2026-03-09 09:28:01 - nn.expander - INFO - Train | Batch Loss: -12.6619
2026-03-09 09:28:01 - nn.expander - INFO - Train | Grad Norm: 5.0203

2026-03-09 09:28:01 - nn.expander - INFO - Train | Batch Size: 40 | Avg Precision: 0.6852 | Avg Recall: 0.4641
2026-03-09 09:28:01 - nn.expander - INFO - Train | Batch Loss: -32.2109
2026-03-09 09:28:01 - nn.expander - INFO - Train | Grad Norm: 5.9576

2026-03-09 09:28:01 - nn.expander - INFO - Train | Batch Size: 40 | Avg Precision: 0.7009 | Avg Recall: 0.4712
2026-03-09 09:28:01 - nn.expander - INFO - Train | Batch Loss: -18.8806
2026-03-09 09:28:02 - nn.expander - INFO - Train | Grad Norm: 3.7190

2026-03-09 09:28:02 - nn.expander - INFO - Train | Batch Size: 40 | Avg Precision: 0.7515 | Avg Recall: 0.3507
2026-03-09 09:28:02 - nn.expander - INFO - Train | Batch Loss: -8.9524
2026-03-09 09:28:02 - nn.expander - INFO - Train | Grad Norm: 5.0728

2026-03-09 09:28:02 - nn.expander - INFO - Train | Batch Size: 40 | Avg Precision: 0.7439 | Avg Recall: 0.4260
2026-03-09 09:28:02 - nn.expander - INFO - Train | Batch Loss: -25.7103
2026-03-09 09:28:02 - nn.expander - INFO - Train | Grad Norm: 8.4932

2026-03-09 09:28:03 - root - INFO - ✅ 数据集 elliptic 训练完成！最终测试集F1：0.5449
2026-03-09 09:28:03 - root - INFO - 
======================================================================
📊 所有数据集训练结果汇总
======================================================================
2026-03-09 09:28:03 - root - INFO - 数据集        | P      | R      | F1    
2026-03-09 09:28:03 - root - INFO - ----------------------------------------------------------------------
2026-03-09 09:28:03 - root - INFO - elliptic   | 0.8201 | 0.5204 | 0.5449
2026-03-09 09:28:03 - root - INFO - ✅ 所有数据集训练流程执行完毕！
